id,name,description
0,WFEl20ilQ500rDR0Kwle,MCebLmG9dOGO3CJlbwMstzR0qWoGgpTiFStfx5fciWpOR
1,vCcbZWQfM3Fwb7C6K3BN,qudTRBjgGX3R7kac1qwkhVtjTGgRIZqtQ1nj4lklfsb5I
2,NjwyE65QU4LAgcZ9vGo7,wJ3zQQEmyVt53rRNYLc0yUcOGlEhd06FAIRZCSy8drv7P
3,vBHgf5Q7vNMOv9odUdIU,cX2vEIA62mPigiQbuOsrGU1EusRQzn8ZB4VNuMb0Fqqwx
4,wKDNV57wIdYq68MT3nnV,3Uq2df9KSDpKNAXgzRPTJwOE4ZAUoHNJ6K5D4GXupwrj0
5,zYGaVMTcoYb4tfm8QefX,9kkIZyk7CA7ZRfZlii25TLVEqu4HjNzShLK4FOS5Zi6CP
6,wxDlyjYK5GbTVxHvek47,RJww9apXrVqmU6dHj9jewpaVcYIGS2X8JhbmOOXLWyZzY
7,I6Rvg8J3oNxx8w7UQene,x7dvrdrhFUqkNmoS2RiTPJ37ZisHmPFn4pwh4GcBROP5F
8,1bN4IXFo64195wW5M1Pn,DFFqw5l3DDirt2QUBxyUDstdiYfS8Q8CbWGMJOAbyLGGA
9,5TNVaVVhYcB6oQDhDPVj,RLtCNbrkZTAxbP1MNBmiNaXFAF2g8vepDo78IfwhRNdB6
10,CIdadIi7wDzSQWrsGWcI,8KSk8VU2aHOEAp5VhfVqeh3wxHhD48P2dgxJk27pPZHQ4
11,bgzbkNRxUza0tbdTknGd,eKKPNEae7hmovnEfN1emGW1vAw3Vz8oonZ5PgQzoapR2K
12,1PLVs76sPwMdgBudW0th,nW6VCf0u7BWVMCWxKiIgEpUR9w8pK3yQ9mbUxjXxMY3wi
13,Cir2OVwZzQyHmLRjBSnp,k5oBXse2OCyfFCUtKURCmNRpUsC8JW59lLLZatMpRw7WH
14,kONZ30Fp2k7dj4arkZs2,rRILJTLnUVy9yqlt7YkmTiu1T9vOlEqpbxGXK1XeTLexh
15,PcONGwNmzrcVyJubORRy,DIf0DuThgBGdRMq8KYVt7LMDvUd9qY0WljprdCYGvp2Uu
16,tPExazYEpzGwgK2kQghg,N1xF66vzr62Ts5MpswPOoKIPi4TSKXaOaYmhPX90TfmBQ
17,GKtwXN0cTqohQJK79Dpl,L557c4JZY7JQdjfrSE7kybZJQFpQ6wrpc6cAkqXdQybWw
18,L6AWI115Zm6ElCXN13se,tyLtgUovUpthAXZ7fS2jCx7lpZfwtuD5ApFYAvPsA1hwQ
19,FeY2JGLJyQcLZkFL2yVt,q5hGlROx1gP1RPv2cUYLJRKA2YIuGvtu7GpdpThZlzS5O
20,QaRvMrD3Ns9l7OJcSZV8,J5bZ1W4RmZVfhyefaEzjGh4BMJwrLYLt50HyWNNMrx1ij
21,jJtDCm9WFWWyYHRNoHMH,dmbUBHfT14jKtW1mZ5LQAtBymcVF5d1xe5j7OpGkhVAcC
22,A1NL0DWA7Nq1JtV1kQnn,GLaL4B6YAlmEfsbQWdMBBSuSXhP1fUN1zsNvcLEMTZpDo
23,HnKNHQZqbgDkVCdXLETU,l62pSi4Kthz3d8KQorbr4LslUEYafZQDfQBzaxyb1Oz9M
24,wvkShbqVVoXijbYm6j3i,3NstTjOrcHXPJQfVn7FrPzuMGDPfOmpVRmS9hwwsxOh2P
25,rVqavrdjytsXGt2gzIt5,RlEkuO2D5faSQfGw25uGn9c03ogXRIeAE3Mup5HOYcdU3
26,YbIXC1cygkY4ueteRnzo,XtE3HCoLW11yYlY0JRWOjaGh5kwmpi8uJc9ND065YDotJ
27,hUzsboVJue5G7w05NXfA,1117LAxH6fTBJJJzwf5rjpIYF5gJbTfNge2SMOtWqV2jZ
28,ADEUbYkgkzN5ZiuaahAA,PNQi0SQefhfMJvquqgsgKEsyssWCqsRGHC3owRFbHBZKx
29,bczO9hX8PQ5RJ4HSDHl5,michp3wZvZUg28Tk284r9020tGoxeZiPLmUI0zIhdaeUU
30,6OliRmYR0OMCJQ86Y3ix,Di3TQ6hSiEKITnsVqUR2fQUnnJOBI4Jhlyh9xdvhH6T45
31,cBoJkWHLswGD3RN01lFI,f78oQ6wGTOqyfYfE9L1cl2WfDhZSJhnydxmYqacr12Cz1
32,KSpK29GDq22xp6AGo2kg,hcvJyyqbdtUPWrsByL4hT8dbdIjEVBndl5mFQMJ2ZQF1X
33,kJjePg46GoHLc3qSMCjv,IByYVgF5irT3Ku8oXQqKWnGKM6aKej1g2VBWdaTbQrVPv
34,ufWQRzf3AGvyGwsXpTlL,1cuawLszGfUVxv8J7A6hPXFjAQRhuugHLva980ASDtdef
35,RQZCwBaRTs7XrqmmTNHq,okWy8NtEzexFBhlm8bsbvoSgUvEqFCYHP1mZNwjabqSm0
36,0zYrbOtdlyifW2giTeB0,yYOdCKctCgbF6uB6A8aGqGhiPDdd3x67LolTLTGKKAZ0w
37,XDJheFWeMGQe1EyeC9j7,vfIcuTxoyfV4tTsxczzypvQwviUCwlvrxW5JWnUgHOvks
38,Vl2wKZcVWuT9CqIxc3Mv,2jbSObiNSEEVrhcKL00jteDDLXGhzvi119d1IN1ougsPr
39,dETzaYkrI2QDCapWVugC,BU68pykQUU1O9xmmemNiCPeAsz5KkMF6ZaV4ji1a87UFv
40,MZGpVPBkZSMBD8nq7VDz,4csLy4E32OSai52LjZJAMdfBZCJrK6iIwYkdBRydRSy5b
41,VGPKcWkTs4d9pJ3lalMW,Zd3iwVlhd2tpywcZQXsnY9tJOYmEAFBUYZXZ5wMQWuaFn
42,dF0j8uwezu0v5607gEKq,wmIWuZXOZWXShTEUwuGVJmXOyNBVEiFYF10pAIeIZ5Bvq
43,9uU78sYskMFQR409qCyF,1IDxzXLqTQRByDn9M8aNIWm6EBI3d7Ia0gs2YMhAGopBR
44,uWy492kwFYYcecKGABXm,e0ZWsogCYMcjGVhfhx2Bx2czY1iV1Vi3479MbGhTCJJ97
45,cqpKkCT0P9AT1nmxjDdh,8jCgHjgV1hN3Ysps96pMXW1quG1gRneR79vURfZDlZnI1
46,ILP2MMfBK5lWdRw3eR5d,mmLj7kBqZGaQj2H8LWZFFR2pMYSVnFjSi33Cu16pCRYvw
47,LKyDMrqCfz9mn3RjFX7Q,jENjtfpTXx3cTACfnrWdQyHgX5L2RnCJrRkUuss9e4zYo
48,QOaMxKygXNYLFJ37t6vN,pgwjeFxoHj2xUmVSpz3lapE2kvGCWBeBxfLX6yX6XN5nc
49,kJYa8mHfNq03OmhnqK9I,1v6dSs5RvTRDFp3SsOMElEAoARadH392dtS2ZtCEaxi7E
50,gfxBfSbDgejO7ttNaCeb,I1gKEvESnMYXuDTsEct1bqvztp5zd114ZwoPCwi8tpPa6
51,hh4EkJcdHESRYUBJxemQ,v5YBpJSRKoPFyHzFDunxhCkPAL8rgbfyPuavCiY6mQuvA
52,EFliGcAX78TFUu62AroV,GrH1SfukdHdIIc6zZDjATArdNmpCii3riYeWubxwGUBv0
53,jTrVApgz46IbL8iqtPWO,GbEfR3xOTdoV2FRXkkGZmKlW1hBnTNepAO9Fm8EyLMsxe
54,65r6GSyLDQSpRFpdn7oK,Xy7IP2VyLL32nQdvnesZdNyR222unDYM3dSOeqTCEZFqN
55,2u3dRZOgdjhSCQLGjax1,w2Ypkbz1PeM0bzuHGHA3kgxiNNOn5QU4ERLp9CE7rK7oN
56,mFX6haQH3zWjf7f1DqsG,AttiBTIHAUalHGnYlBy13NdZB2suGHgElB1FjPYoubG1t
57,ILmZeSzlkyFpyOxTP7wA,UtGXxgohJNa1y29naTZ46nf3hlu1SBqD4sCJW0PFWM2mc
58,NTGulDaItVMdCnQj40wQ,5DmU9XLqY5KmX2mEDdhE3B9gasgjbhIfQPOGjXIvuhH56
59,cJndE9IgdZLRnSbIwLhE,EfrlvSIcMvNP490xcjToV5OVhAkt5KFN9QWhgYRBG2bun
60,MuXwrptOujwWd4HHjCF4,vQ49RdaUIt1knwZGSfHhPd3yk3ViZw8B48TLpamxV5ii8
61,eaGcugwBpiEnkaqIhUSN,7bM3KUVC46LzRhczNZ8Wj7qvlvotjFMHRMqPkrD61IMM1
62,bcERB88L5j0ZMWWVrwMx,Ec3mxWNV8fpQQa3VoDwSlFGzlB7MBLLPSA7gOECDXAaXj
63,CyCJZB8HIv12LbySigbR,FYGEhVUtLDWZnLWubNQe4smnnEMyNSMdB4CPZziPdQ6fH
64,Uyhjc7MtbvyVt1n8Xf3E,DS2Z4oTZDkI9fYTyK0AnNV0bTxEEbULmQnWgbrfsYziSe
65,aZpgg9xDyuqSixjkKHje,eAehe3uyZhzZBIsooYS2vRfvX99nl64nHpqkfHCrsNQz8
66,ufU7nbFAA7Sjo20d1wjo,AfxeaAKFGbVYNN1hjwOvjovRA3NxYHPqqpWijS6uOkm0N
67,bkTNdvohLa7sZR7qQrdI,S6P2oJZ73aSyAzr8SqIklELuwFeDCKKCloIvKAMBfhaCx
68,1FV4yvPBKIZTgztmcQl2,42P9vRvSq5FWESSRGYoEkgsnBUXfAttkCrVrYZEGgMwKs
69,0XxpMQqhlAxEzrsrkRD5,vO3lRlKiLPVLwlWdlLhIEgpQANjiSdano9hCFNiMBIHPN
70,CWsB0FFpGtYSnRpcBp0P,ctsq1mWlRoEAiuJJc1uTAj80lmFAs0zWiOlPJrRBZWkYo
71,MCdfrsIeMtiPAqtuh5Lk,PWuuYKmhr1StOMZKzIOES2AbrRFhzC1gOu2FakOIcOLrd
72,ejQRuBbulxvgDhv2yiKS,UEKsrC9gOVT3swa1BA4xCpg9V8pOkcViDSqUzV88y9COM
73,w4Vq9aagVqR7DqPSm4NV,Lb6myxOJOdpmEwfyt1UbpOh8lDMrahecEKQpWvofK1kdp
74,AtQL0S4V2OIkx0jSXwrS,vJBhNvpB28JlY93VTlKs5ioOcbu8FmNGI4qu1rwdog8B1
75,uF4LJUETT9bXmOdSxFRl,ryWXsgmLv3x5UHEljFE9w4uGRYS7QQ8LT4r4zwAhMFvps
76,3rBrSrm4l5znGoIe4Uir,vBvlbtoG5QUsKAK50wK1xUxTPJFExJxkuPFXsNAfJACCr
77,DqNyvcM5EmIbF0FQtLNn,oIsND7bOyIohdQy7bpuan7PMYBatLhOxWzPbVikXGlxhc
78,m5tm9XW8FkNSAszxkBAL,FoSR3yeJfnrym0R6UraOCBoA8KETjnwVNsdgdQaMBHADH
79,QtTeQ4FgF8K5WpRWKZk3,kumqPfsSQfh7fKjS20l00trGEY422xJXPaUDRU8fjpxsI
80,MvElWCDKy1VKcVtDjrRF,RUZRxQwfKM2RYxASJIn0w2pXtPufstB70AYtwx9pKjize
81,X9nkhVop3iEw1hOLKFYv,xeAtydMGCxCgldIcNM4lD2CycVHjmK8KH8ebuOyA1y1dv
82,MBrd8zxesYDfzsPPnomp,A77dOrv5kbahe1NxCcHRKls4d8tNtvLov9DgCbahqyQpy
83,q3JtnOI18Q9fPmxNUfEf,LW2Gutsf9GbAFhcgEASk6ih4dyokW44tR1WHw0zJ2qZSt
84,bevYFgDU2E10g2HqPVqR,zDqjFMVltspX2AMsTUmG3m7uEBJXQM7sR7Eka1UmUWWNV
85,Xfkoh5GsLKZVuAIOWqy2,oOpddAQzBCWH59xCAQb0V84QJPhmUF3oowTBekZRkf357
86,7CDZNiwioh14dCrEtYnr,cocDcpIeOseDdQvpOnACqtYPfoPmlIJIGtv75zo3HfxCz
87,7igORF5jCwfsSofWAqBy,n8dBx93HlYFeRmBezjxDtzAiEdaI0u503lAeIanLwRNjS
88,qZ23KVrCuCQhtWUxBuvc,HOFCaJq7HuhzJRMQZhPMI4AE3T6hW9dayFZ9wCcxwOfxI
89,bZdm7FIpYTT7ix90JYo7,uY4AzzwO2WSiMxUt3aqz4mp50P8kU4Nc04YAKhkVFun0N
90,zGvVgymVyokmQ6xKrh5K,coeeO2qqKizgxlqsAuXJKZA9Wb2emga2iImcNZeeBXBTb
91,i1m6kQliMeCdW5eQ8zGK,H5XjQePUk6oQl16yfhqNmPHoJjFYtaSG4bTz7bqZMUQ4M
92,GBexv4n0Qitz9vLcKj1n,tM2cW4hlNuJRGK4Y1U6TL4oCqrzRKWtcedyWEAUB6hJ0C
93,BdnLuU3YyYRvFOT12tq6,XJ6OzrU81g0GChS5sEODjROIj8uco1WhWbGrUg9dgLzwH
94,atZg5BWk7Qw5j1r4w6VI,uf6FJw2J5p300EAAUlfQ5M5BNaLVYaMdGIodo9fXFbfD6
95,xy10ZyxZ4MzEkEwtvq9Q,cjrkZsIdLBHvOIm4SAbgslO3a7ofOSXQzKn9zWoPktZWt
96,13MqgAZl8yTsddEkZ40F,kjvH8qUyVout1j1EB5fhiuCV9TdU4KPsCa9BGvxCkZczN
97,T99Am4R5jl8RRxyqG3mf,w53xCYXAntoKdJ0UYKHwDFVwRLHUeWNskzh7MORoHIvhk
98,jMuh3Y84ePzOwsZTbU9R,BPAE5kIuCcIAijbHi7pcjkyAiVQfgfTH8gvlAVQkZJX3h
99,MKTtwRLFa9r8uY2bfuP0,f0bUP9mMvVS7LkHCQjQiRAiAiurHiO5XjDnlGvy3YK7UU
100,YTzgc6p8j0jph6bE6QFw,RoMFbm4MdhBWzRuj4Sg5HM3nPqsTvgGIGUDQMQzpgNlQH
101,xiB5ydXQjHYjzXpSDSS7,TY8QyQoWMeeJ36fuWh337mGjOTd17ThpkiMqIaV7dpuB5
102,nmrAa0e1NRJ1yZ7NPhbd,sqjngcCGRNi3wVdwAQ3c1R2kWyJyxvLdhrOA8yVOWaWkx
103,SHHUkpR4zJejmtpmCDeC,D5jwzqBlM38Ahp2W7ynf5EmDdbRqTef5AmcF1q1VVfGTB
104,c0ORV3A6q6nCqCSOLvpD,CmmBRiRDP0Slv4DuEDeH1fNodr1P1Ehqcb3uD9u8MMyvi
105,iJuMSaKAcUqs4y14347i,Jh00Bc4V7gOBBaCtt3zekyDZjb9QNBX62ISM2Xx4w0UDJ
106,rZSOhJTQj0Fw43qt3HiD,3jWmJP6RRAOsFXruCSjvwB14NFuJakW84EYeZWUM4PiDx
107,0PCVZNNuGvtIzc6NNxNQ,WRtiHuZsGSPh89xRVmWOJEAyXjgSYACy6PB0Vp4OjeQXk
108,KTPwbS3SaH7tCImiJYGQ,8AR8TmvCaXqeTz36QaPI0ifdy5jv9FdhAXnWvHNQdcHXr
109,uL04ghsNVeIBepKazmfI,P6A3w4NcoIy17JMcm43m3VDBfM0S1Iee2tWXgkRRjNY51
110,gmJk6fYPEbWTWxh4dXgj,y7JFUUjqsPTzQnQuvwoIeiwpIiupCsi58yMq2rITBMgQB
111,l0gO54OlpjR5fNUfJuS2,Ode2r8AJ17t5RU7ZeZwQD2HKPFSwy9eJa7L1GUgCVkCpc
112,BkyAagbjZdWLgNzmZ51y,7azhTHUQfqxfWtXH5d6btVhVutkUIv5LN68JEsJuuxk3e
113,s2SgOl6nMawED7ExNjxE,vjsKSXnNJ1KRNKZwu9Y1tWjquF2d0OVyZLYodGcv6buCV
114,OnTa3MqmGUHRmpl9bi64,1nwfZrJSUxBwxWDmzfl4apoZ0Z6ekrIpS9Ifaj5Xs8cpG
115,eHiuceA0ZhMhEEGxpcmS,AivVT8SWAnWR6upf6Lie18V573i7nCaWBhme4XE1dpJl7
116,40dmiglJo9EcUOEVDzDw,cCkjLb7QoQMp7CzcOtwTIwqETvhU2kM2D2tspXhPx5rYq
117,aYLWsOZPbW5qAuVjC6WD,s3LBMyBP9k6WYM3HGyOutPu8tzNBksJCzRrWz8cW86qj6
118,PM5dRXOXDsrN7kUXToGI,tiN7ERhyCBdSbq8j6lRAKXgapead61AVIrT7KVPUyNIah
119,vM3CoZSj4LC8ZzZeAgHW,TMc7dFVuphe63mtLGlP1Em0wETZM6tTlDlr4I2lVa3IVw
120,isvP4G1l5EvDGBsDlpZI,d1d1KQG5hDRYo5JM54YKPEF0x8zu3wgkkgg5GcTIQculZ
121,lUE32YAWCMwxlq9vwdu4,GZopW2kXfJkUDOPruFrZVYyWJPlF77zPUPX5S66aSmfF9
122,egUTjuXKjm3ZAWF3UT3M,8Pt9t8VDk8fGyN4tcPaJfCxXikiEdrYZ2S6BL3vtTUyb8
123,zrIPBK01ArvTNGOvIRCu,jE76nXgc8W0LOigFmkpOXQWHHEyQGkWpAhSzh6auvsvlt
124,OODTazNSXzLxBdJZkTqI,3jN9GSmbYmUEfFxPTXe2TPH15grBwNirPkvNH7SbgL2nS
125,9HC3OqgqB8JAddAN26tx,TeccLI3hNbkgtYHAVPzZpVp90o79vNFzZbQeF2J1d9SgJ
126,9otv6qeKMdZi98ZtATpo,AWOsqCyEBlPJHc3ouT9i82JarScAmi1BX2M9BgSUpkDAP
127,yMNabMkTHD5kAyrwXx91,o4XnQP7VAkkuUveKi2moEhQobPf6wgUZX6tbwotxgBmp4
128,z57Srte51Ks2dUQz2awD,H2geg0FPIpaoBii1WGkzQveoMY8EFnte1iRawSpqZ4f1E
129,vS8fi3TYxQGH8SDZUxWG,d9ZwLi1piFPJifkJEeQqBYGpIp4xjTRTuMZDv3eRAnHf2
130,aE0ofQDsg1unpTtkonaJ,o5WmpWorlpNUTcyl55GekNHP4NNFzzUUXBRtLZei9EQXo
131,pT2VTbvrt8yxz8ramqOf,MGfPIoCgnHqBIy6c62CXV85bdTBz3Cl4qEmUA6ZdFJFIs
132,Robhfc40wEn0aUh2Gqh3,6CESAIikdFIRiIqefL5BH3aWMLDGjmAmx2XixiwqwYd8T
133,VZFDpvztdO3DNZxcKYWs,biqZVzxSZdyNlUuuoPNQ0cQvsydNynUknDx5UGKzGuqtA
134,v1RQi0ZGTye9QHu7HqEb,oYytPcxxNIjnZoutLwiKqPjU3bpZXolBuvqMMY8xJlnxI
135,bIvRZ8e30NWKQCIkBK8w,W6UMKNFaWrurgANQ3kYQ7S6QMxZKFpyVdYarJJ20UOySW
136,fO0oPI4RaNd30OAe3ya0,H3cPBKmlCQSkwqpguf7yAyPgoRTq3Un8f9IEhPgCLH4xk
137,q5RyzvziURP7Hf6KboVD,cBenmEeNrzmC2rp2yhVfcot1Qq63gxOGt621ek7TfYZip
138,WRH5M9rMRjWHxjTMcjqh,mw4HqS1TIYPrhLA6c15SJkN0Ttlqv4AiWT4Ai4X5FpbBI
139,hP9JIDWNUCz9jTg4I0Ey,hDEwd6gGezmVxVYSFOiLUp5giH4tLvDf4mXCLhWuHmjoE
140,bOjNVzxPQgQbjgiJOqG5,Ud7zKDrEeost6oL1QvYX6SAt3RrjWNKek1LRzJlYDtBvu
141,hXJ8zltgSexqllIfhxdG,VHXhv1GGVcs0x8kOlh4fx9JCQM2JaVLFdw43GiTTz4rl0
142,M9J4F7FYhf3fVPrvbU5X,qs6ow1QtprHysiKWzkKHPj3gJGZSE4dSo0TAbKtIrQqoA
143,pmyY4nomkAAKcEv2U8DW,HduGuKPXaXeeUz6BdoWoFazCYozI747qRvdORByFqJpfT
144,iiAqb8fFcTRXznWTEgD0,wMzkiIPTAnlT7RzNjkN7FTkbNJg4DdrqZegaovJUv3dWr
145,9iBhkobypzx3SaCnnrCy,vuJjQBA7KvNANVuJc3jsQjbQoad6Pm6rdwvt4cQZrydrj
146,7fridH5k64FZV0K82VY5,fyZyc9j0QUo7BTQxUTT8KhMVZIttPeaokRfIINREjmHVI
147,MfE2qz5mOihekw5yerSw,9uIhHWgj2UAYquHpvo1v1YW1xXSILSAm154UEAVThCDHF
148,zVTjTqJ2VrR99FkGRCNJ,0H0xlEyRhKCFHieqobeKpUm9djavc2UFuAGLgJzXXV1sG
149,MpbrAkrwPxTNCgpuXVAU,0w7razXPPflBB7ndpdnaowUbN4cGtcC4WnSMbjhWDNTHL
150,lZu8BuFQE4mJKIW0t6m7,upgZPu8y4LNJ5WhOv8bceYYDxWXLgbYFkBSlHrn4duemH
151,yJ7urXWtKdMQbhSXtwBE,OVY98T9qFl7t1iHsmf4qTSVXdDAtDvB9TrWz9MVQFQhOF
152,KvyBqHa0zrbznGeXJEGG,tcSs5JtcOeRjJ3G9aaE4tqQeJLkT2MZf9j2uAtOYaUs04
153,oExxHTfMCB8nHPCvNrkL,EnT7BXhSxwi6gLdY5JHqQvRAadYkbZfIs0gKWC087zOuP
154,X89MU8VOyp6TMXIy2fxj,upBhBBKIJTeqBAjTbGLsxBHV1B6QWpQrTAoZ6tXAmgr9h
155,EH6V1PTJkDMhDP9XwmDb,IF6FnDsU0bprXnJ3DPAgz5MHn7It6dJorybfMJoszkZ6M
156,tPDspZcM2tRmV0zd80vz,fCfCSpcHz2gSG660AZCsEbx5nEmZeBjmejLgPd9xOa7Fh
157,Lmlpc4YWY9Tx8Op6msGc,pBHpZgJFNI7KUceyoPfREInMnolQlQJFj961mBEOOM1eA
158,ZrvQLZKNPc2D7pcQ3xof,fyJO62dmGisZc9irKFiTagDHBioP9jxUaTor25LNeLpoG
159,6sfOK4LHLxAzVfH0YFfL,b72DxZ2GQ91SBdRLPWS6UChJZtZYBvQBRYeHwbhH7gkEo
160,2wxQCFBtDo58QjhOVjsz,iNQRwEwbFYMfnVbV6Dug6V6xfoBWcVdNZr0XLwLCU7o7T
161,xHCh0jHnfPow7Z8dX7Ut,NU6jKBbjIAshSqjylQ4GxvnWrfQwRXPUcQmasc4MG7fiY
162,Jc2uqjpT0fw6LkPbim1T,5CfxTerTTvQ4qQ7eG7YbetSIiVuhxIpDRGK6w8CpL8I5D
163,OGQZSZcgc9iWYNRn1aCl,OrpZnFb0UQXJe5XIdPYLd9OkepGovhOY45sc5TfecXgf3
164,Nvl1HWFXZQCCHsEOZWpM,zMvv4hlcmy4436uEggoUmV0K78vfKhQ9om9RFuwlE1RR5
165,XgxLpUidvU20yURXAg6W,61jFDfJ3UdlmD5MF4izy07wdtHe3vUTQN7Ma0MjLxRhtS
166,ugcwTHeNWzrMVBSyck4Q,JRdz9gF3Uy8rQgbiPClgZZDTIhvoY603315HiYiDkyPNV
167,P476xa5eOFO3EuWDLBdI,6pYt8pqhYg1wZDhmZzIQrFKLYivs3SKNZpY4JmrXtuQK2
168,sF0ZcinYraQow82DUGsc,yWEnKhgawzz3zAQnfGJJ5zAivJV3i2DYfwB4Cd6eT3reT
169,s67MwLYU7Kbn1HiTkuoY,GELp9oqFIhz3hwNO4uPLzowud8TO7RZBtj2z101d8uHg2
170,LXHK9ZHFuvYsrBBCSgio,IHmRkqj5jNcoNkpUlQv52Ra2AzbwzlnpMFDFxHUEOh4DE
171,CxRg7knxA0zc7dPvWPio,8lHKHZ0GafNJxJfbuXScofSExuw83KAxi7taZpcwCVszA
172,TGHZcimyFtLBTJ01oWYn,lmCZ0rbJlo7Ns15buHiknIe9PIRECU5LDEPNsOstP6Te7
173,KRxCY46NHPRDmJgjufVw,NlyFuzGYUP3stTmMpzZmlWoB4fE2oCnEOdz0LRpXpNAgm
174,pRhZDbk1esa5lwuEUMId,wbgVg47uukBO6WRle9A4XtXAZ1zS1KquBCjZ0b67A3Tft
175,Av3S9MJUZ1iaFFDoZSxj,R0mXkBV65xWGJMtDCMEbLfBzLSTVpYMZzMgvPjzJbaVR5
176,GA1L6v09QFpTrvGyhPj9,SzXEyoKYsAHYIM6bP89YHiFThALCMrIgnMWHMos6tDW7n
177,i1EuVCcg85TdgtWGQIuv,Pdeh7GjIRgo6f3fczvrz4Lq4wJfPDPPir03RORvr0Etgv
178,6cSbVVPKTHzhM2dWxXMz,rMB2SpbXTZCO7LaToGCJnAoobj4EWJlGJX8XXuiOctZHn
179,oBoAaMhMLyzikasW2LFB,E4JpWBDwnhqMLkESEeYiOAqGi3QB9IXqZxbtya0jTnau8
180,JoaMMbukvjzt2ReX3loL,SY4Ks9FiF1PxHhB3X6xJndydpLdKAsLJopSbqK6xGBc8c
181,xhr7C27XJBlDUs9mRHAr,BNwMTiwi6ADAy5oerTSLpht8fQNyDdi7wfr28jHDDL10o
182,Z5mYv4FC6Svn5v5yYyY1,rwV7QSVqjcce7Jx52dgKZKccfDGH4ophFoUuWXfFKlvW9
183,w8MnvygY75BU7gEzKPAw,aPxI4hO3xTiTbClZUdI8RzS2w8MIHnzKGqUJMB1PJfVzI
184,g8M2ztdpxmyuyMH9hWst,fQdj51bXlbWcTY2M4QxLKd1X1W7F3j84WcuJ02pMAQq7j
185,TElzNe58baNX6NkKqkov,zNxBSp2gLbBXTODOnCZNYZOrbWMEHebF11FmSNGCjoFRF
186,bpFN05JztW3uUzgM1rG1,Eqg3Fz7oVqzzXbjdxBynRnWmNBx3pKZc8QSPdnHR6FRk5
187,z2TwiitfJp2HOZY87OwL,If5IWteHvrfR0e4szrJWuklE68PfqgBmrbuZ1eSxfmePE
188,13pcWLIGJGUBeb4k8w2q,KY8fHNsSpy0bmlqYxfZQ5jJdIRKyvoOlhnDiLHjktzQaZ
189,ahi7eSAfOm2HUwoZYbpE,QPH8k70wjnNoPMbgN76tQyk8dogGDnyNoVMD0gJPGs6Yp
190,B77L1ylAfVuJGMLFUepI,eIETnQjHUZuKtKiAM8Y8bhI3ncXBUb5fdJZ8Mgf4lVXgH
191,XNTBbCfqKM7rxBGy8Q0q,7E8CzPT0wiqkWuHgddgMMB9UkmZ01VZuL0yHCOOlxJyip
192,riQGWfwTIz6UwFahz73k,2dTL5IlqsEBAjLnlpDiMrw6SVyn45TUmBfRwvQBCiumnc
193,B3UtmCozyNVKFfawJIIB,FJ2t1Ma2vmsLrl9XF33fw5BlrZeuLVW5TPZSOXyygOJKW
194,d39y4C8gyhw6Ztr0sKB6,jxh7MgnAwWI0HZ4gcpAOl8DtAKTPZSvfDIizECZBBmjos
195,u688JvhZmc5Nmo73HoGn,kXhw6qyt48hykI1fOkWVrIqqSqgmMODMhLNyemIWS9QyR
196,QkuQtonxb96WpLKAqpnj,73pBJ0z0k8wG0UM3hhuz8qSOnAY7etgcnc4wMkwsD4RGx
197,ENclGB72ChYyr6iU35Xu,AoI04D0aVwJKHNfohhuJr7ZkOTDPT6j63FVjlEdwyqXcE
198,RrtFo4vPggCwucxIa6Hk,4zUr1nR2L9UKjnmeqDdtpIqBNRM918YLw5gyTp3zgbkOj
199,3sUxabilxbxyCJgqro13,qezD9Mt93TmT2ZTTBnJuGIKEX3kDkR8smzyD3CCsTCFmU
200,L4yvOqmUvebKI8uvcZOM,xOoF7Yamdi049fDzZRN70J09ZMgU45aPI24JjYFnmEzHT
201,COULIpUMliTdqaw0emhL,SNYdb7DpVnOMy62nES3B2jzZi8pCSlFMuMlB6yK1MgjaY
202,ryMsUr4t0SB1gaaXcChC,LDkfNgvd48vQxbErpqy1AwiffuwytnRwH8Rvb9TVwnUaY
203,omDB48s7bWur5cnffdyL,sh3N7fXJDlkzqWZmADzDVVOFqqS8wN6LHfLQenX5Zdx7R
204,JYMqxifOQQw90QrkvCDu,CUWQlDGExhLiDPfqVfvj6OQyeourvIvjEHr826mrOwl5H
205,kRpfPrOYVIUlbZRzm2Oc,7vdptOFhQ2xvn74OLr18cB7D4vBXAnv1J1ZtHkWbRR48r
206,lU1GeU4Tzv5awAIpxxWx,VdXVzYGf179yld3AcviXY6Z8cOWLayAyKOdnq7cE3ON3G
207,nwIduXwgjXvWdhK5kvOV,HSQyUx8yprKjw67D3CWS0WdCkYPY7jtnTPcTJ5KjpK0Xj
208,oJTito7PryQxPZHlqpjv,swEdq6VRBAClcqRjbvXGbDY4KTOBHuNmDAo4noKJi7PmS
209,O1dr9aplYvki4fhugWdc,J8uUX2vjBer7IGGVgcHsWYR5LPANjtLwYGCm3g8vf3VZZ
210,Jo5CBFtmyV4FY9d4prIc,pwITZjHWyfZcRW4W0QqDK1SUPa3zFTAcvZcXa7QqQanrC
211,oTgJQowFr75wwDBNxAMY,XsyynyDQ7BBmV1rdkofTMha0QpuVAFZ81HNZ0FiZunlXH
212,SJ7gEMjJM4ZrsiAxE2Nq,rVjo4SyIYY6p3X6is3CxIFmVnJGUzxCZ5eDG9jMiCA7Oo
213,pCqjCko4BZzWXc1PiuXi,iLFOnusoGDOl4E4ahjbwQTlLntFhQYvQAUImq8oo3xxtM
214,dw2IjViTGq4NHhw0cNeK,b60n1pIi9hQeiixE2cVEa0oNtyfp5TLLb6U6Ab9rkBsUy
215,LuuIGlUNxbLedLIOpapC,oX6RHqHiX94ysvQ6qI6GBOMKn78knjCg44qzHM4g9kfF4
216,H93W2L82jBcMsoJ5POvj,lEbhsZv4P5elzID28jZZY2j75hLJVEdSEjWtkAvJvAST5
217,tY0fPnI7KkmbvnxWYffQ,CkTGWwpgxEt0qs4SaZ8FRulmUzvJbyR5eDDmPmop7NhAK
218,vxF7GDDQNDXTvgUO7ZOX,C1SZGjaVAqSccJnc9QScOzmXtMhMkXBSoBnJhTklhfn97
219,U78OLd8e4dDhgwNXFaOk,q6zAmOl2mCodYppYqNfkqk6nhv2embLgYgwLsJjeDuJZy
220,BncXKnVUhHdOevMMECtl,zgK3xeL5y2yXKZ3O9FvyOeJCNzj414sfeSRxOmvoyA6c0
221,XvJWlOlhMmgc56L2Kl85,cxNRIiErzlpepkJ5PVtYkynFmkJ5LkAxWKfPqcnaSDAzZ
222,iLTUTZf4H6mtZYILtEks,NWAdYdGWUJ05wZr1Qsb6FJHdGDN0sVxh8mDsTQxL6MCMH
223,fr6Lh20ooc84exo8yCaf,vtckTNHR7mvhGuvvTxe5YmKE3qlazEIPQHgKRGxjZ2aZP
224,hH9A8hZHu6ez9Pfkx3cg,cmU2SpgehzhVJbgAzTX0F0LktG4vqmfpsusolwLBPy8Sq
225,DQZONBfnc346gphptPap,l2vRK2X0U8wzTwUcOoJ8OyGAapHsJB2mLfW3bDLL3zYpn
226,PZBfoj0F0K1aZeccB09n,jJLZeZDIWEB3wetDSzXc4eCo2TclDKNDYpdMLtRGVKx5d
227,tRvOjtB7RRtNtA9dyxfr,EYfzfIpjVrpGT67EyipN9Pd4ZdFPikleaVdJyKu0lKphc
228,Q0VdkOVHWFIDkcpIpv7i,iYP7FlNxI07AtT3o0zcjjRsRXTpqSbtHpDW4a9xBLOlIw
229,q27nJXjNgKp3CRn8pat4,33nGCR39U8fSmqcP8IhkkIqNDyBQG5SR9OBQkOCwTDQdZ
230,7R3GFyjSEPTBwYcsRQOr,8DXBjwRaHa2JqHeuPoGiwj2vTUIGuf0UPrSgofGGVyi2U
231,pebQOfvfmFNXGw0UBPZo,GL6Mvo5S1spY4vlmtUw1JmGdvhq2jsshXu59ozvg6oYyk
232,OyJGVRur8RcmbRMNZQ5j,8IqOYdRzzdCHwQFUNsTNbaP5pbtWAS9HfSZMhrpmdfPiW
233,ByyX0LMKPBycdaZd7TRG,A82XClY6PMV1j4KBeOfymqiwA7ZVv4hfUiUKSW5WJTSRf
234,LRFm4czWLYWV0mFjWAqI,VW58b286nXmyhDkbgfc48FpAEkjTUUdhObV6rNMys3sAd
235,ls6XHN4XDok73knL9ZWF,AYhwqWNrC9Wy626ugtmKpkmvgbyaZvZhD6cz5XQibko4y
236,m4gDxFo6YLT0PhfWOjEM,6lg00Ng6USliiB6fgr31DogdYRvt0kItIB6a5z3rwPmKQ
237,YoTsxOJgSOdlRInsScie,koG41w2W5Unxb46zVr8ncbfsUUbjmb6z3g8adRLmHGza6
238,0tBE1j2fA4le37WMLLrR,jdy9hL6pi2J4TKumPVFo2q5DKhgtPYouagrFOnwKRuHmg
239,MBvO4HCPAh95Ue6g1YSR,J6WLKKqbivaY6i6s0Rs10gzX4J8VRhgkWxiEgqFftYZqe
240,j4tIbWbMirilkJRzwFHf,Y60rBTMj4dzC2sopWgxCXPjOm4Jwv0gOAbNIEm2rxdFq9
241,5MGhBOgixdYy0YZueocS,QrKnl3CoImXpgwBqkvYPAOB9AEfY0kHARtAQqfxjEmSnf
242,u2aRNHPAiz3dPfMnUWp0,JNot67Xp2YrJXQMRFcFeiFEFQQD7omf7PcGU3hyvjz6VZ
243,57mcp6jLmfz5oDmUBeRz,cQgobySBI9BMTE2seSMLdWTtcHeG06g2Czci8iIsMOJ1l
244,PYim52uLH2QflsRnM0B9,KOkv9rDex293EXjtgn4xZAaefar7fTCGJTjxH9GoD8qOT
245,UOJubgRqwuv6JfJCRK2A,ZInO2hlC1bhs4cqtyyA8L7aTb29AZGfB0tpxfjFZXMYUt
246,BhIS0cg1lMq0tMrNy1tP,9O82M62lPL9xIyjihttRyCaWwaXrGDR98izQv769NFPFQ
247,isIgX0rHIsIeFpmtK9Mg,y15w5GYZFwKlfZcoJPORKLEagRsFE7ZvYqTyEMWPGqFXA
248,fCI3CPjwPbCS8VDbUaa2,y69dYjbjYq8cqCUFcoL5L6YN1Sih01nEemUeB3WGyPwlc
249,ISgqKXOkA6Ve0bomfd0a,DRsNcGL8lBZMJ85INZIFwCKuJz0Rc6FyMHLaIK9UieE07
250,puY5sZgW0KE3LywysRAY,7SU3fpdntIpY2r8xrkxXqlXgHgCGoOvx5vVdmdAGifdz2
251,GF4YagUgM2gcj2Ij6Fzw,8IrGKjKwuPR6zKXmgtYrzT11Vy3xClM5SWXD2CVrKZpdO
252,sG53LbKQNVcB0qAYdsU2,W2f8wfN1DirV2NOIRByIdx2iYNDR3t5Mq8E8E0Pq8Ih75
253,jWmnVCQsREhYNjBGpN4N,BmngL8avOqnzUeqjS5yDtJfvuLBiqvEthlIfDZ1NUFgOY
254,3NMAgwc9f6ZrEW0619Zg,h8H4bqp1NcIMc3TXe62n4YdUO665jqVIBm5gr7R14ocOh
255,nOt1HFYqsIBZ7e3J0zVb,DJUTj0NOq6KEw0OF5YZivjh5DEJqhWDF6Gyc1pRw26nSj
256,lhZ4jlgFmf3tO5XUE4ha,TP7HdUzQ57VcVej83TYP1rc80ujlL4PiFJ4GrkREs48Bw
257,tQskI4hUVWQGLq4sygxK,x40pl713Odgwz49XzPkpdicQ72WrN1gXiaamy4TKiEZ5L
258,Qpyf66f1ZrSdykhuvjxv,vZ4wQVVEg4olCfwxjrQFSd9eS2tY0hVJX5dwhjJe7aTpJ
259,GyBBeAKSw4Yo2tJ2Vvo3,xfXYefLUBOfg5PI302BC8rYsttudAuWd0KQuZKAQ7wIOn
260,NY3qDQCmKIHJfw3fBbBI,ICwBqEwJgWeiBwjSxwQr0ZbxjMy6RTlS6APyQfLGYvOez
261,Qtu828jTOdSqPMQyz3iW,9oX1c5Fqf5MDV6pcyUYUUF5XVzFKy1Yfv6g0hxMgApRD3
262,VsclrE0ovWOAgRtzCtIT,D5OLzDqalYmJh0HRZp1LMZpVaKXoJIiBQTLTy6BASjQC3
263,orCtHwVdGLZChlrpgoax,QeyIMhOHBWNnLQQjYhdYTPbP9fn1jY06a4volQn7OAX4r
264,2HrtGc73Xzd6bnfIiWUF,vmqh6D95eioxnk1aM1csBWORkIMM63HNr3i7DrbM0udji
265,IsbgU8FGPKzK5AXWaKNN,rPb6SohLBIruNyWKCpwAvTdKx2tylUfN5gHYjZ0kQL7FI
266,T9HMKwgIH2ExhmFM8lFf,EsgnoUenvYKcd9jggZrCDL0PVwKGXsYw7OdzzMW75bOve
267,XbPouq7q6tIoXI2orHUN,A1fZL6gyKc9F0tWpyuPxFJf3V54QOwRcr2V3PCnCVaev8
268,l9IZFKm9mnX85CT4Sa0Z,S5DJkSwmlbtEoW7wVnmbi5anunzaL4XfzD17F4wA2NsNZ
269,JrtNiGYXrJ9OLtFFzrfQ,DpUuJHWnqg84mOLgkVxz3g2IQcRpwxmhsnE56y7y2Rfhn
270,Mu32cb6ozlLJi9Yl7GLj,8DgohSOiDfESyBDcy68fC6A3xcLhCFdfzmZpitbZQRp79
271,HcjuVFchFtRIh6QRr4GF,JMfQCaBX5FIRNtPesCIinJopbvgPtt9r5eoY1lDfQVBEf
272,5sTB2F1Hkrwqfzt07dAp,tX7bdtKjMHjwzEczaBYMtwdIbSFmKpBM3OSuXXSyfMRdY
273,THhUHIYv8sWhPob6QsLf,mhw8dvvdXVwvahuwJyszlvD7FLPypUcskqa1IC98Z3eBD
274,FiM1wgyb53qrnUQDulYS,izP7bRilV602cLGE688tJ1T3I4FyCt1OcpN8O712WU7eE
275,kc0oyJkHIKW2V8wJKwrG,XriL0Cjb05TTnne5jRkOqh9x203cJc6DujsIjWIrMEva3
276,9FXljK1eDKQppiK2XIpS,GYSlGjsG2e2ObdMuwnwbqvouGC00bpwq1UKx4i1LyeC7p
277,YERWfGLUfCh1QczYCJdj,Hrp7a0cQ7MCWZGM8KpF369uTgh8eRfA144kFbbrwORe12
278,6NYDb3qNbEn9jPJ48R4G,zWesPgScJFP5Ibyfmr8OjUP0dpDnTzbjqkDfiEY91uwyT
279,9wsLmUOjbrUaNnhLbdPC,hkVFtVHCgtrySeTfdHEAwrvvPIZgoc4ZPBk7BOBuZi6a0
280,lvn6ArbLdLbf4NIzfGvl,aSelIouNDWX7RNwAziAwowCx9KTTQc08gO0HsnTwFTGZx
281,fVWeSZNAtKiN3ltU1KZH,RuNTPgjEEhuXmevlB11TGq4U4UuLJ8WLiuy2pP9QmyhSJ
282,oQbpOaAE38Bkc05ZzqbV,aAGzJyubxXpfvCpa58Fv42muiFNue4Q5CfOASBBs4aLJL
283,2ukCCHkVLuNhRJAuwGvG,PFVfrTfSoThVw5utaeIwMGgKNhp4M2Yj2ycO53NCmgNOB
284,a1lCjLqhk7RSDw0YOF2a,VJ3FyaJWR00kpQKnuZuWfmPNzybmb4cr6PYEL1IdFTsBh
285,4ryKo7RiMBH3SZf9rEqx,tAA8dmk5QHCopU2LygfealZrwJYxzsUamKDyu2whOs8sT
286,KgPLMa0gzcI8mxaRf472,Bf4JYxLuh6c52F6e9WfqBHroYUrTTa1CBx4aTaqzLBMaO
287,7o92oDBb7hBrJ5ivbZY4,KZQJCFplsHh0LQPFq7X8JjrUEXEzN3WzL0gm8awIKaVDU
288,R9Pyg3C2bpVFL9ILjWau,b5ky92Qt8s5sWW9clS1bcaT6rU73Pgq6lut3bvLzy6MVK
289,O4lUdacZE0zD7kJTRweO,Ek9aTQI6R3XqDzxolYbgC4U3O3eRPpFXcwWRzDq7GphZf
290,jcICGJ2Ho5dG0uBnW0fe,0ru65RwpIGHkP5uEw4ILvKWyMFSE0u1yGii1gHK5JLzu1
291,QMWrdydqZojbQOqXnIOf,cDDyvPVpWkTFfDWro1OPMDu4e8SKHTXMEj9KKNjxuB7dz
292,9Zf8bDdlk7M5jv0gZVEo,gmlVaQYOJ0z3IwL7sxwlkjbQKSm5MN4iGXZG8HVXvQN7J
293,tTwy6euVLIOQDsi1qz4t,5sG6we262mzclbW49XhzSToB4rVp4wpbHYh0QgyjwrSCz
294,io7fD2IDOHos0QDcqoBY,O2KYnmr1WcRzeHAzJBdQZ0Csc3C5XmmOKSIh9hJp2zgVw
295,BgXkaxoTJ98snz2gz15F,oujEFFSiGu8jCKwrHGCVSmXFMjv080E3sTCcsK6xTsk7U
296,HYTt3dw4H54uj2FcbJzg,1sBvmujK50I9fZ3fVHGF7PC8CXrcZLRvQNUC8pKUQ1V2E
297,Hgax33SQAoV04YkCf5Zc,XrWEofof8fcPUUw1kuGZqxNRNjoz8oTMNojxSIVzqlsom
298,wMO8Y9WlsaGrtbx6kAsV,9FGZSZpJWeP08qgCX8iF9ZcNf37ecJVvLbhZIwOMkwDA3
299,B3FuR01Vn9KaScumcwrW,QQshizatMujg5bu405vuSNVY6l9G92m0hAmk2aqMaV9zP
300,sdJbeQvUNgeKuA32hZrz,Zh6SKXIZ9gKitovsdB7L0OQTxthKNyhPTjBOmvzN42adC
301,mzjqdSVdDrzXRxHOvPmd,PzNnX2PcfYtfPYKoJrD1geL7ttnqJo1u6H22FGnIufNVz
302,GsxjgrEj4MxNBXfWnt2Y,EjmO12bBVsNSAf6FM2GXol7dJ39qjSnn27AiWg1BRWPCR
303,56NxQgNvf3u21hyQKJRJ,YZfb4laenzamGBLjS55LV1JlHp0CubprQ6riCQySDGrkE
304,yUlMMgw6qVC4fdUMGJMa,QiB7luqA4OYxh35dp6Wl6lWgUm3f1SBjWM7SOWmPpXF7N
305,jgVkXV62WiFXYVF35Sys,Lp4h3lt0oOKkTatsm0hS01PAAQ6grQafb9406mDim76wA
306,7aSjoaejNFJWwUTArD9G,lRpyxUIvdHw0q0vWakLWxd7yWljIKwTNLrUpUcca74JzW
307,7dSaeV1bnOHWLPwitmc0,6nltbj8NBXJJZKYUTGK3mNoNa75Nu5CxtzweCyr0FEx9d
308,xTWGuBc3GPx61DSHcojp,gAP26WjoiQU7f8374nMmReJ9c02q7XbXKuBY4kotpPn27
309,KrIoW0Df3dAKlnQYZ7JG,80ZSvGi3MA12iffYBzgAsJ8K4ASD7XoiO39dFM802QK2T
310,Ug08B8wLbLJ0QTTcZxvu,kCOmSnphtNBon2vw3XIFHt844EQ6bRBhmSCVK4VSLX4Hz
311,cA6pl44vRzxILcvFXLiY,1xhBcON6dBmrJyKY40uD1ZKBatZMuKaHKR4GMauEdOhl9
312,BddBWFqANgnEpc4XLEPT,fpcHOOhsyGsIt7AysG6zLj6qhIVnrmmJ2GjmN8L3QRGMb
313,XOQJYmsizXKCld0o99BL,euUWUPKXq9VvlQWlkifoDVOQmfz09hHCypcjxaeWZguIO
314,Jk3TBlWEAMmhVLJxWrPc,AOpCr537zzDtwflWKlyHnRUQKCFY5YPXRHU5icSZ3L7HK
315,gSPIdK7y1teesNS2xjM3,Xg13MI5qwASmIAevClW1sNOMdnZaJDOSWe7CnzK8sJvys
316,Zf1R9HalWfZjqRu85Le6,jcrwVzdmdUVOH6LIrhYHMZlNVOc4YLMYvc9JwOnJG9Bru
317,YSWnnwR01mrjwckl6Dp6,g3mwHzoqZH9nm7XLBARu2en6WAVKgiwcFP2ReZFpTwLlM
318,z5DiDbtMTCDd3pNYfA3N,HClrHiqsfvVPG17NicbEbBwLhTb3AasDcGpyZ4eE4cxh6
319,3vugurnylGWJzGOKgwc3,aLdd29bCgGhxSsYNDvaPmJRMaJpxfGvPFpNOtCvI0M14f
320,EWeCXZUXe8eorqYvzdth,xXOE3ldHvnkGHBTfjxZQGAbEbaWpaT5BwLcdvqOoZulN8
321,bAcexv9vUW2hkf3HVUUm,3rj8MMkyPYjHgXkkgVrIK9OqsdgHfJdb0aroXvplRLymA
322,PbrcNgcIyGxspfTilrAx,2afuMdEpOU6Xmp0xWD01uywmAQqyR7YxeeXJhnXfoROCZ
323,LzwVkIDN5gpQOlEWvL64,nh3g9tMRduKLFFI4Sl36wN5WIDetLp0lNsC65eWAjBVmf
324,uZ26YpstJBrZzBB2sfDo,9vnVOSDoYdTp5AboJcYqly7Z6wyVliAVEOp8Ii1zUy9hF
325,CqHl8yE7r2C4NYzpq8l2,6xIhh83D2RupbqiHIatffeAv8GH3rbDksNqCTpjSMMkvx
326,wJIUWvqJH5NZMNXzOkw2,DWWjBVie4WFameWxt8FVqZ5MANl4t7iapqaKQmf1nWwQG
327,UF50o7bHH2sqgAK1PVVF,VuSw13zJjY0YV4CE13ukjwbOcEAVQIXE6F8Rw1Jl7AUdo
328,4F9mi3L1V5cI8isxeMQA,1OUCEVcdEwLwjhpetgtcZP3a9FrMf4NGvGAJgWnoCMdKM
329,e2xV6gIUgeQ5MmCc9pXv,pBHCS78Vm0u6os5TJf3kvRFsFvTIPDbldiNT5M4Je7OGo
330,DbJPutU8uZXQIzHYHVHv,F8qu0F57P4zXhcVB4dtxs4J5UVdj8vAWAvBxbYBFYo1ZS
331,yDFDBhKd8LLjPvregf8N,TWZfdfAwufZ8p34dxUcdCg7WfXaEdKlpFPlOnpeUTvA3i
332,90NQxddQ4Rvl2jwMX7Mj,nr9Wn4AOi85P0rFwLYnwcFSKet3q0799vcDPgzL70qqvk
333,4X7wHLUoDzPNiXE9ZU1D,xMXIyMJMTkqbydWTc6TVdMuoAjwBnpWg5VWqgZNkQEbmW
334,uStKt1K75fUiRF8Gdmnp,cSiZWmqNwuoUviHJkzPgNB74zWozZq1AQaiqnlqbZzWbl
335,VaprXaj8HfrFKZ84tK03,13HCtZXKXOxNZeWoKnk44hG6RHUZjs9e1LFDIKxj4hfkC
336,topxrBUWYvzI3KaSki8V,1uduFek6TkCxJdwFM51UxagG47OdBevpcBuSntvOyvrzQ
337,7nvtqy8XyPEs8FnU1OxG,qTLHHjiLwQzodvKK5lFkyyeaXg3AMXJc0PhWLZWRA1rwB
338,kfvW3GQfGChpaFGDpqLq,exWM2aMhQh3ruL3HeP74zlnfQWVUPA6SMf6snUHfF7vgZ
339,jazgQ6fegK4k9ZwZJFlv,zrOQXsDwvsBusLwX5WxxID1WrdO1W8dadHyfOQGtfF2rx
340,vV47tm26hxEPiiAeh3Sz,KK6Zm6xGogxRPhiTqEsMCMZbsyYEqJValtTgt7vKPAUx3
341,XXLce1UFq16LIFrDvYtI,uVhDOIHNoBxD7vEjlOTpd6s8MpmpoSpUv1K7HKkuf5xEt
342,sai4NufhMzMqLoLStyDM,udyK6wJHN77v06p7hMYp91zgNbVrRrbBc73ANOMmG9Lh4
343,xJgCvNg08sK82hcoe8KE,3TUSGe9Wn8HvmRmABWfr3NLcw94PJHRIdHNYwKzIzpBla
344,uGs966nX5K9pX723jn09,WwVSPFYOhMgsq7y6LKdrAcG370beLxMUwK4CMzyG6eSsW
345,kTX7HgibTUwncOsmVs29,Rl1w9B8f6dovXXlHJ6XFwLh30scLzxgG6z8NI0Wy6JF1W
346,eFRbtngvBJUEhA2JOHr3,Wzl1aJV9mrvsCEE6BNZP3mBF3jZTh2qcdkuHlvwHmr894
347,LgfiRCWGx3Npm2z0j0Rs,bNVWu5x44OwfcESevNLVVZ55t4b8uQ9QEksN7rRJRWxUJ
348,EqXUgSTsDR13ASu6lRs6,USYHt7N2LRUKuGpNOMjMSYFBZFdj2T7hx5MbNsWPO9dTN
349,UEuxnRmS5NlDgBMHAwJr,gTygkXpWNWqjtyPS6DEY3uCYqpT5AU8qyzRjEAYQr1ixu
350,oIEb9hFCg0OTWKSEAb5c,4qSe2hIyZCVH58EYwo7c5l98OIE6aHJy2M82u8uMwljRL
351,KoRGUXK7vXF1f4F5bBez,rImvDbAVJ06nGtoQ1uKroOIrv0lbcxVJVVo7bU8WW7I5u
352,AW9Tj3i8QSxcab3mOxr1,RE39w3occAV6tOaBtHcEdugIxwiniHi9IcbDwE8tDHkgZ
353,FiHDJYQ4ulbAr4DNUw1g,xjDNu8me9LnOvuC7oC1Bnnk12KAHYZTNxb3ir8kDliAkg
354,npuhFmYC4hNQN7XIzDv1,PyivesFiB2WLEsDuKZvLK0fFtNhKRDSFUc7Ag4xKQu8bp
355,ZJwv8g5fG38rTZijrQw2,lNfyETNTKz0wpwswVzrTqmyoePB9280LANj30622SdiYh
356,EGk4oa9Hilm788QIm2lk,npSq58IGrWO2IUakBgnqBeCC0TeKMnoQPOiCASqAf1euD
357,uM0jmjLF1rynXsaHe5cO,dpsY3FD5OzKZ59jYsMTejvzaP2uuf83ZVsatE6j8KELIi
358,24ooxm072UuObtMwPphS,M4BVUyOxQiASGJ3QXmSPqWJx8hNyC51aHWPyKgF86oq1x
359,7tjBLE2jCu5YeQvr3OdT,lvUdDk091lXsslxdZnIQyj4nbbovyyiCpESX4x05ilFBv
360,jATbueqtrDncRrEi67tb,WK09ki9gwObJAojkAQuknyRpdyHK1v5uSsQQ8TFoRiEJn
361,B6vinet7khTYryAYKyrg,NdayOA8VouHAKyREW3vjEpahxIVN7nq1oKd9uuxwD8BtE
362,d3ZSoVBuMPi3TUy8Vzuf,2WKz7mp5UHUUlYm8JkT7AYQfu1XlPHABZO9bawm3re7tM
363,NbMzScjUAIoGV8avwrr0,eC4vClyPTXqNbi9PiwmyoD0cOO4c4HGpsd58Enj6O59RJ
364,1dvVVTjxE1hETxjtiGrG,hAS3RiHQKK3KDIG90Ofye2WQGprJLanYgaCVJ8gVDd46Q
365,AYoTkC6hv8p4TMieRTtp,R3lqUq3NG6HXqHEOqQBc5YI4fsUd4atDmROKsNiC3Z5my
366,UMj4GvWkSvmW81LWYREp,2kgHjma5fLS16bJSU3Cg2tqEtOfrcBeB11PqFlKGLBYch
367,7RqMeHdplFbIuTGPi09g,ksE9MTkuqHycNb8SgOPhXb3Uv3NFWMUfuxCl0Qpkb2SPv
368,59qYU2AyavdwxCaIpASp,1QZFArrSNJCB92hifsiziQ76LRuEft3YtOt0hUM4fKi1S
369,vRrL0Mt587g89ixdxSrq,aAJpxTirml7S5bttZwuehgZwrWzu4K7CdqZpOfcg2MycM
370,Q3m99mbQ6dd2sBAQ3efo,lmoRjkGjvwJC1lZziWlchm1btPCGvzukgr92gSyAaDrbw
371,rc9W4zQrVQ3NEJRyfeIg,ENMeU6vlQoXrqDCajxGnFn2VIe6TatV17VhTNfaiAYclW
372,q5GRvMHHmQzsC4KSWzSm,ovpNZjuesboC6yqWZB3H286eFoMOrtf8JNXqUBaZVhnKK
373,RIMd2GN1Bp22m216ojPw,0EEP2QdQRChnUZZV1APcIJvbVXSP7zswbyIaTRfdvekIf
374,CdhwZKaBO7Jnnq7jHPY0,08151y3ubszhGpvzSZK7lfZVPJqM67PR2zxhXSEcp4ham
375,6WtLYp45V5PXS2MXTCRM,lWEGWAV16R1Pm8kNCNiZYKAyN7LngFhnVR309wvS9SKSO
376,sidmr2pY6KHS60F5spFA,gMYNbz5Xx02U3TzLi1vBUWQPuWVZqXfY3uFnVk4rEd03a
377,jo2Zdf6HO61uFUC3Dx8c,f84rtaAsQ6AnaKC6Q5lztLSKAuUcB4NSBhNW9kykhctHn
378,H6qtVrry7TY5AZxSU10d,6ceZEfKHFoNoS5kyUiAlAsfwrIRsH2K9NU0JBfpS4vPiE
379,XUG0veaLMmh3wNNsIp5L,UjYI8t6ekyasrzryz50rBQ1CLiOvZKEg1U8yFINmnGBVN
380,MmLSlo8A22cN35QBhovy,HtaOfuNX204V4RzmI888P2zDlWZOym6ZwoASK9I7WE0Sr
381,NNKWdgiUksE9P4C8JaiO,S1Wz6Qwki76ivjL9hKqU3wtqf8FuPp7zY6vR7S7jZ2t3E
382,i7YEllVciq3KrkxEMNrL,RSNp3nJEdlNealEPv2CSV3zFlzrqkF10Ae2PsdwpbCARG
383,zVpoq5LgnjVI2tFCdXcC,0xJEGvNPhRwYuVDneZgAWcfnub7ifRXJZwAnERAX8iPkK
384,WRmjkDZiyfSceukaSGC8,NN3pPjKDoyQuFneyF6LQZv8j14Z3QFp5iJtifaWzyl4gi
385,lzNfkrY5KIXLiEdsKMYm,DoOK1n3ZaMRlW2ARnwHu66LD0hMBm4GZ7lKEOeqj0ux66
386,hWeeerDBthyFdo1H0epl,doWtUwR4fI0hbTLl0QUhgY31MSnmscyIOPLPlDLzwEEB2
387,VoaI916qm6HhLTcYGX36,A81StFvM1sPs4zFZdvl50dIb4P7EkQzj2CoYDwET2mjZT
388,8CBq88fFcF62aPVvImbZ,xa5zk72b86s4aK5Wlf4IubeZl8DwIIEvyvCKmuiITsFQK
389,UdXvZeQ7IGDsSNPSxt0j,fqxH32b73Fa4MjLBoVvv8aTm7JMTbk0kE0sOByJml0wP6
390,uz4CxP3IpIhMnpTWqvpS,QfWgxmyIZxsfpTC6POdrXfIFGWCUcmLkg2WJO0QXjd2aU
391,PmsxxpGH3htyXv7C928E,ihLawLeDzbid02BTNCD2A3WjuUH5K7mZiuZLsYtgBaLrL
392,ADYIul5Qm2YZMYN17iUo,A6x3cry7FmQjJ5IF3FuFOibNNs0nuPfedfEZNAbFqLwnL
393,eVcpovTYAewIyooDm9sG,2RgklHq4boluB2dUjuzdFl7rMKr0D39STxxC98lF9CF2I
394,AiWKtuDvz9ESc3OBHdoN,F5Cdt0nMGA71L4pTDwM7kq6pHdbXwr7wlmJrgfcZf6RMB
395,ZTgr3MzJ0hFPMcj7hLnk,AwH1qID1tit8apT5dUs1vMDlqdpZLXQz7OXrVsDcO0otP
396,y1tZMqajJ7tDjuzEGxn8,SKcllEc3mrOCTjfltWpiNAcxfbVvGzFpjZrxNS1MTXQzV
397,pUgKLhtu4Qj6cbimcvOP,KzytcLhFH8uU0IMukQuaBJ8whD3tCbZ3TCoFLNnYk1P1A
398,6f7bog019TMwLXAeqSL4,q3IwVHSHJASsULSfewbQxBxqjoY14YOcpBnWsuBUARTSb
399,M3wNoZrdUMl99kVlSw3w,9AL4ChJtah6UPbrUKExsFIp5Zv7O6cEAOIzWi9Rtdb5ZR
400,Sbw2u0TRl9ejtkUyunyP,wXsjMQvw1JTenl8lviUlSe1A63ncujjBOKk15iiDrr1iH
401,VF5BGqIgxkVtx00hmy9C,BgD7wUVZcUNuCF1MrUoxyj0i5AJWHRuygn5Eqegmvqr8M
402,4VK4AITsqvhkYPNqDjW6,Gh8iAWonjLGLDNyxfCUGd8TPnIN5OHuED8ixl3Ly2EKXk
403,b2n1C6XN4eXCjg9PTWAs,dKjJ7EgcFvWADkW6Ancj30bXs5sqwqh1foEKLey3eaRaG
404,PAIEquuZrV5fR3Pl4c6J,MMlgc9oup0uSKpxMQx3lEPjMpZQzQTT0Uj8ToqVyPcg0n
405,1g68HInr7we4JSQ31V0q,5yIgUJvFKtkZntr0SQb5MxIWB8IssMXftdfFDoaPOOem0
406,nMMNWxfthYJ28YIg0AqM,VTZbMA14DfplY3qtaAa1OxsEvYVlw9jEhdsMs0gbbdNyS
407,L3NA35DfQwIep69H9Rzl,S51d7f3FzXeIEu70s52o9xFqRzBK1aVaGm4JCcPR4wmcz
408,fEOd9X6TYojmx288rCqa,5L1RG9mnHDom79v4NXtVUwrIRxtsjd8n3pK9Phvs0heLV
409,rAA2vdxbBGRU5aoP3kT1,PhWb9IrZtGU7EPPPmlo0bCxFa8jkSiEM8HhuKTYYxD1ej
410,ynJZsYF5iHmU5lTaQbBe,RdoHKfiMp5o5eLhfHvMbtuNWVwJFAYD8OdnvJvQ57nPut
411,t9KASR2SZAC2LMdUgiRW,DGA29j5vY89hCWxHkOqTlImncP5kIQllPZXhknWgpWHcz
412,zbPbp5ww6xKKucTqqrZ8,KC3XTouOHl5vzLacfyM5nUoZnHiM8VH1IigigdQK83srQ
413,MnUtTUZhQZdyRiHI1g2b,6SWppcduWJ8KIwMxWAJKdpwxEAs129DZpK1ITEEeZ5dSB
414,ziHGF7SIlYYhBl57xJ7e,lBuKJTf4AJgfCaCnhaEMOf9olyqtCH7l5nEyNDCQ7LozP
415,hyFahZHeNlhw4J0qnfSq,oSsM5zWGYUNLRCSUFCYw8B4EVi9DE3p2Ccfg5JURYpoOc
416,m4pVdM33Q7YiJeghuTdb,lobtX4QhyLEbNmIALWz6aHoYWds5Am7gRkaYN25P3ielF
417,K7FU2VBnOsYm2N6v0K1A,cQHtcfL1pm3b8PIeLso2uS33Fxq5vU1WoJLKqwuUJWpaP
418,hf7V0mBNXFSaoBbDkZUx,NVBan6T42HWMg9GqFdVd3tpuzhKN2F8ATcSf0HIIfzNV9
419,vxxQdGO66eDAYDK4tvAb,KqoXqWVxWlTsowosCRQiTghokOoxDvUQgPU7h8wMtx7Dv
420,MB4HabRw7yD2A0ukv9WB,74IxuApPOMIrCoxojqzXAHKImZIWw1khhDfClya5ArI5P
421,aiezIJlOkHF0JtIgGCRc,RLOADuWMkVe0nZAbp2plP3a0o1SFNVLKxVPrgN6tqTbUT
422,nkuJdfwG0l5CCqIftpgm,gFI2TEl85KrRAdPj8pZ6wwwBO4bbrEpFwcfkiYrxzFHtz
423,x4Zr85lp5F49oPgtcFl6,baINq7LeQMpTMTVMqlUOd6ZKaxHWCASHFulM6oGb8PQSL
424,yR47srpn0mr1usTUd7qm,u4xH467jsUJI7UCKvffYNlUL5LRXIinCokhK4mI5X45nb
425,VB0Fb9Da93RXlr62fsH3,qHdzR1OWRnkfnZO1wCax5mCISwpl31eGtX7xL6CIHrnWJ
426,yZczmGQWAt895kub5aK3,pVbJeh3BPRuyPlo6tAqZpZyILRNGOOdGjF4mzw9n5IVsd
427,otRjYOAMEi93oGOHGK6N,YRuUTifpCIejoPZaYWMYah33pMQ7vXiDqZ4KXKMrd4Yfk
428,bNIxYzvpGFmiY9oruZz5,ElbcfPpgQkiRSVFdT6MEWWCQmV4dgCkxu9c9paBld9zCS
429,4WNYtBQJcAa3ITBWr6f8,DzCHFVVH0At4y4KqKJnZzqfKnobtxYMGAHpAK212nYfId
430,1y6Mw3JwI52XgnK3hpgw,gcHbjTBxsmlWUbawVxztqZfgHFKZmqnMoD6aeJObbrPaB
431,i9QMDf1GuhAHq3FBm6Db,GeXJNaw2FPOMKZ8M60VATyR4EaQ3zZ0GR7IMmAZCZHGkC
432,Or9hH2HtMihb8PfyKAl9,n68XyQpS1hNrtcQmfN6OMVzjIvclv4sqJKjcHhS2iuV56
433,FHrbUvWdeW1AYoYGqLla,30icyVpipc79AP6sMcGMXk0U4iKU4dEj4ZKekEYDpt72b
434,46EKXdNK1FwQOFqFSE7K,5GL4uYc8hL1nI5FcR4cTRKSWoEKXAst8K8dt9lPFhDlFA
435,7RzuTDGzfgwuJ9G7DUFi,PHZEqBFsJ4W7qown6fBA0kuAko1HEmQxKmCPHaU1CRfGi
436,Px4TBX3W0r2LpLdaLRmg,LLJRw6VsLnpcUTt5OXi3ja7B5FiZWJ1JnAFQaDb2uIk8q
437,Y5tnEUmAc5vyCVpNpK3p,dSTW8qtlOXBrKJbNmBcvQl4bsBdNCDx1K5hQdDhQgpjM9
438,VqLHzxvU2o3c4FaLk9Py,lJh5G1UGjfGjbsBWkty9HvRHYtS1Y8pziRgLg4j3r0xt9
439,msws5ZwHYDaNaqygNOOn,HbW38serbWUNXL7JPeSmMOOl3XOWWBVsXXZ1BjTMDU5KZ
440,1rGWIXlQh7cqeLLc07z8,dPGJotVRCi5APsNDrjLs4fxx36L0EexLly9EMXSWk0bzC
441,GLnS5ZaH7YeY1xkpdUyC,pcsLHQobrY8BDJMuiyTGBg8eJB2sikUJRhEucvNOgNeh2
442,x7CdeKIw4X7qMsMsHImf,h1YnoSWX9mmfY7oSYRGHDpmmwUsx0oONLQFap5SWSqatN
443,mpmUwPiFi2dPmyTjLQQ1,WJXO07imSEroC3GG26hL1piEsVL03ihcx7dMBLOmFwagc
444,dD3FtXF6juLj4dD9aMeN,yOo4VYC3LGUQf1i9eYJHHlltfYLWitycbZxuJ33DDPocQ
445,eB5pTiHQ0ftBQiN9lGQs,q04IXrHe413x2VWZiHo8lTWrrjAQaqGaj8N1XBbFvvDva
446,24blMtzUcxV6JyhpkfPu,RsCXmXiRjawXRPchh6F71u4fB5WEjHaRC9DwlvdCFVnGD
447,ftWt5IlTnQY3cIEQfFSZ,1UVH8P49BQA1Uj6MEzEyun1uXoO3h0zO74d7wS6zGcBnX
448,mRtPFEkqpwR615GmKhNn,u6rzOfCUp82cQqhqAh4fIMc6sUUfzpVpZswAgizlSlINC
449,Oi8qHE04O9p3rIhK2mX4,4o0xyCLDLGMYhFIOgyXinQiwbiYkP9ytwvhNSH4GGO7Sp
450,kzojO8iqHJropASLCxjy,BTal9rK8xsFMBYfNn6dvqvClXnRlRm7b9x2vLZqnqEKxK
451,otNL7horpfA5SGpnQhgG,dIS26G98kPAp8fMM7g2nKS0U7W81utVELTkozv7fYF3tZ
452,qb1TBELHIX3vya5EJKfh,vYfnVxtGthtT0WVjM1cn9pkn0zctfyK4mKlroCLPUCVDY
453,lPmQR2jQysZysCKnAWIz,vh3uHiKlnoZdmIfOJEvj1UQcjgQjmk5QXbnURxOfPKES1
454,g2HgMu8mGb3VmVRhbOYO,3xi5iZ4LADZOFfPmOjyQRUF8GGMlWnVth7Sj03ENfPDFt
455,3rSpUZTN3xkSnL2ZIwxR,HyxM1S6sSU4h21UtaOsWO03AM4IfW7tuzfQAB0GnzcKpx
456,hi3C3e1Y7crnnISpm32z,1q2gquqGZPtLwAvekoh0GTkyfPDkLTDpLKdaoEKySwzQw
457,OUVtIqf3LAz1yMby9EWU,uITAJ8RuT8bltGh6V5ISJRAXbPk6idJQGsrp4C9RiBtDS
458,ipHYz012QKQRzE5duYEG,oD8s0pKr5LGYFY7yhkanw4ZihZvb8HrMij6tdZI6xAmSX
459,2mbyQiF69JSPdJfFQaFt,U4xRu7MKp5Qs16mUraU6LPPUYH8OPDDRtvKe24WNX3ivk
460,1zSYCJ1cVqfk9ZMETD3r,fvTkhHpmfTZibD26SNeuiFhT2OwnE9JXljlwpGh3Wby1a
461,L0GOKp1gFcTkBQfQlGQQ,OFArZwV5WMjI1YwMZaZmiEay4l194kmJpxgaHqHrhkBuj
462,4PvTtGbUqjuI4vKRUOwQ,0Mjin1fheS5sn6rpNTZsfffDfRx8F43XdMpbFkttNNGGo
463,i2cwhVdpV5cdfyvzn29t,K0pznBZIayuqwJBCGTEfI44gp8HwQ1MOL6YfkWYK1ro0m
464,SPoGhnORHwc34x9yNB4Z,TXXZnTQXGLWosghKqzG08iwFkeRevf3wxj80qhW5v6kXE
465,HHoz2YdpEFpjwIDd9wnD,14uLbnDFad8AXMfnTgjtgE8PtvVjSSkFFQqOSIvp1OwVB
466,BBupoeI6KO3co5UtQSXq,0fuT8nRysRtm4aFdEYLdFBCB8ubx2ZOxfqPKJnfckREIB
467,0gMm5Ur9baDOnMNF8JbF,jxjVqULF7btR933ETeb8zUs7xNEOU8IViksHTNS5gHq8a
468,JJleAiSfbmdfJKmVcUDs,ouvJRihWyf05zAr98JhUcofmNyJ9nkCow3lsK8oKbSBsv
469,hszCPd6oShzfDc85yIXQ,tR3TFHKHRegFCW93J7YA5MbDhUHx2i3jNpRAyRn5fZDYt
470,5cuKoMIabB1N4jK72aW3,RfYQRutmzFQF7cOxCizxSUSd8349GSRcRNsoFBQ3Ikyob
471,1ufZg9fjggbS9uVuM11R,0OY29Mj3BX51xfRMmGlqnSxvNIta4uor1n3eTj9O9rpE7
472,oulsoPcRQyZ0bdQwFYYa,UC0xvj7k0axqNf5SIauGThftAozLPOcBwDkAbgHCSNpvL
473,zZ3w0b1OGDti5hrWoisI,xZ2ZnET3a5rwgcJMO0m3CjlhwoQN9Ra7o5NadmRWEOFc2
474,yZdT8Q1ttZLBK0dhbxrE,So8JQZyjhEWZqX1UYmyIPR8PonaiXkRDHeHEk62uKhZaz
475,fOABEdkKpT2G2d2NHn0t,mLaDzTsFptLX01hZ7jIzhIjtuWuQhuaL5i7Fl9vB9iiZK
476,mNjiPzVHq84BuOu2F8qA,5p877Oi0amuEZl1XAZCbfHWZ5D5lTlYZeQAMq6RO6p7Qa
477,VycfVqVxbRFGcdCmJQqV,451tt2I8gNLCJVXkmWcd5sFuPBkRnckKDJrvAq5txgR8p
478,ffNvarxfbh35zgQYHP0U,R7pQ6eqZuCwPRnvtxfgM9vsGAj0tLdyzWRiN8tnTQKYB5
479,iqjbAc6RNhUBjgFQta0x,CTl773GCe2xCmNJ358BIAc8Z9Zy40HydldasxpJkAZ3Kf
480,onUuzOxaTeVpFdKnswHO,38T0eQuo4DKDyA3x1g0PswfxM0WLaVtxdHqGQeBKdSDfR
481,YQPQU8MWyartbzixZgoR,HKDOPn3MGzWrnqgtjH8OlfwjTd9Di30drZhWGsCKxdbAF
482,YcQHPdnaL1mIblnbmdBO,0V7ksz0kISWqTxRY5MUgiAWEvHWvxsgzpAnSmE7KaSeef
483,wPKpRG8Mg7jPolzfug87,3isZoCNUlfbhlXL5XmNvqAV7O9PFfzQ2VR41LahWszYS7
484,8zK5xmK0kitRNKmZDbuj,Qxry6kuw8yHZz7ZEtYXJxDNKNBQhs5ffSBVjrbVrp9l74
485,rnmuRhnPcIaqIlovCnDt,C23Y2oubAAtGnvvo9Hfmk5HKoiw9Nti5PZ1fG4TyC8zsf
486,pJO0jirDmlA8Avrsp8CX,4OuEUYLGUyE9HnpXk09e4ePYMMqkRt3sT9RroQQXsUyxQ
487,WRl5HgBzmmcZDaruImnc,ZJEfPCGBYx8PcpAj64JtrC23EsDIn3AI0cyoE2CUckmFM
488,ktafDb5Fbo5bQkG53wJv,WOM6GIppetKwYlN5wJBYsWwv92qJQie0Hf79RTQNr1RC4
489,LDt3cTm2Zaa30qVkYy8Z,sYyg6rizv1YB4rCwiSOU9NDKPjp1xNfxbOCcjeLLDZl0V
490,8iEhzOTApLTk3C9jx4ke,zW9b6WCZOrSuxUjx13uPbbKDLqRF98HIelZ4u9iiFqUag
491,N0lKc81khcOdfF3XcKQV,Ii3vNZ2vwA9AGMFwJlV8R3tPjj9ZT4ZMhiFnM0vrqzlcf
492,Ua9F5Z8lkzgzman68wpC,NeKFj8p5zclBhjd9X6kB8jIhSDcW0GROA1JZIzvxEqGtC
493,UoFla6dd1k1DbD2rCBrJ,uRLqmsV4RaCELGPMzLS2tgesH9rESqrEtscTun9TWTO7n
494,VEzfLxNZSYvQJl8vzMyf,CFh3s0U9sIh3JTjJ2c8GUA1G74ZVcMqYgU78ftdkJEe2D
495,8SnqqnQIMoihmBgBqKf0,yssZ3s9zNScA8I0gCKuZuLVGsSIIVlIKufsVYFM6ArGlL
496,zjWCPlU6p36omjj6rr7y,MvKn61UdhJCI0mYwEzIMPpZNs2J9riDIGusA7cRGbHRpX
497,Ofs8Sx7M8j7O9c7rIEOl,hzLo88tDSTQwcTEkA4g18qtej2RclRvtO0sLFqlzZa9vo
498,w8UEm8fF0NI0IhqxW0lp,nOUHR0sALc2TmtwKNGR8LZDFFiHU8Lanstv7Cdag4hDVk
499,q5mwHFinsDjP0dcJ47Ul,XgIbVT4orlBLuV07BKYLi9Kr3z1BgJMwqEUQgcZ8NMNnN
500,by4ryyuIjBWtrpGrlg8Q,85oHcSOHxHBMuMmxYAHS2PooYZ1uScyQ2ljxxaBkvC24m
501,Rmm7eF4Qb42QP6CsnGE0,ubEeqY4rCEzt0jTgmhDxb7RkmIpYbqQsUA6j3H1YVImSj
502,cNRiHBPKyxGzcWoyRuLr,XLC56Kb6VP45LW2AWOhDzd7Ludv2P3JOf9ImzCfcGNRq9
503,ECcSdvlOygdNZYVaJMqE,sw2b6shosfh3F6xklnwfryeGTazRXPFLtsOiZsSSzkXk1
504,jVZnuIJtYrdTPDfA6Apb,N66qc0kyW76JgMDE0Kgq7TlhP84eHN8iEHl8rcU3aazm8
505,701ID1URqM3ldPR7yMRx,n0FjpwM6BxkdfpudghhMbT2GMKdUDrUUIc8NAxZYcOcEO
506,E2DQR62nx1kp4ofGhkwr,yljFfXZqvGyxGxXR01cTdbeCHOzzBf4pOSSNiSjFsxjwj
507,elZpYvG4wwF1lLUzl5iR,vVTyOcb8wI9EJoDy5BkmBPINEkNpj4neY4xUhtrN0Nx4A
508,9OmdHacxUDOCvvaNGRdS,dagOp1NpVyJ2dLB1kwoKlb7WOlSfh8VL9c9IO73AFzvwn
509,yqEBrTsepu44nzOIJrUs,VQlIRUxFH4BGStyYBOZ6p0OURgeVMIv0kFGvPu0LURkQX
510,aVVJZeX4sNIR5z5Q4Ivn,PuoTAg1EJp98fp0kVKWBq6Qcqt1F1AdM1u1Lwj6R81e5H
511,r8VeVwuCD6egSTsMWmuO,sKB0WsVXAv2IYgXpKu1bRpFoINkO49KN0c0WtSi1mSqic
512,RRZPJacVajntbe7OmW1E,nMDGJfMQbI6YyEJXVIycccLPZ0RaKRmEoZRKBoff86uYk
513,nY2dgpeab726yCG0k54i,spIgflLjx6ABCdSylsfjpOTfFaIVFdcqeTRHCb1BzGfcr
514,xuZwyvB2miVXscFc0Tlz,ye8HBgMeXgOoAetJLgjrEv2FUte3czGNyFR4hR18mJKP6
515,UqXb9gNeVxA2sQ6QdIpx,qB1VsnzX2M4Uim7YU7el7C6w5XmEskxNKAXXi9e7t9Eqn
516,Y2eKP0byl2BOqFxWroN7,C6S6z34ez7dekX0cGD18GoYfbW5Ddp2MPTrPoXbnh0cB6
517,N7cY0n4x9yEsGD2OA8QM,p4kO0Fz3Tv3hIsE9v2i1AciSboXHUoX67aHB9G9iLzMjb
518,8jPBKqC0xjhLMlcaH4ba,Y1DyB3FAm7BOH11K3DRv8wTWy82RTTXUv0tL7asplIKFo
519,KkIfAayQPSC9Z31sQcVD,SNIcFPyPkS3XnMcRPZGINxDWgGli8aIC1AS3ZxOzPRSqD
520,aiJEtNGaKBrVbm6Op1j2,Yhg07vdz3E8uKTzn232nkJi3GGmE9uWDSWjhkpAlSZayK
521,BC8SegLRaffQJysl7dwe,dD8Mo5TY3aGrzN8xbnKdqX4RMhd9nMXnVHh62Knb2wV37
522,UkCk7ToziRIwPJzyTtQ9,xS7wBp0T305DTPgBk7l1HPnAJWvRXXjmSkrYuJaavFbSY
523,ZKCXowzKLmBHTJBnqok8,A4V14W3sM5kcq646uODdKXFe3cZuHUjThSJUI6PkVLrHo
524,wNa284jpOrCHqE9yguTh,9y4GgzkFNPwwliH3AOMj2773tH52Vcvv93lWeIA6PUEnZ
525,2oXFSmxJ0ig9SbZqNUbD,KMRrji5lXL0Wl2XeVkkAeJSb0naAxBFwuEpVOsJxaWzqi
526,4sJuNgucqAet7wx3qqxY,90PAhJsO3tF4XZPpy0qBvxas57wD1ASUFzZwAARaJms3S
527,obdA5ldvXvBKvleTYYYd,q6u4B0YSMHLBo5Oc1HC5LwnkhTRjxBipvSSBQLxXAavKY
528,z0qz3uM7pVnFkSA4Qd8e,1G16TAc9791mxCefqHoXRxDC0TvaNnkRe2MQi5MsXbNsK
529,TMmA8sFR0kuefV8yiaVQ,MkD30xIQhIuBaxlUPyi3uBNbn1POTL4toPVSYLDfQXw4C
530,9uOA2D06HxO7dZ0rQ4dY,z92GP9n2OGPXfpXNcNaX5Nfw5pXuN4iNjDup2Fyyn62E8
531,6qNUPzvJgMuFiCNNL9ke,7gZmaSCeSarRTH2PHh6E2fxz4Fr1X5ruVNKlVz21uU4NM
532,fzsAPCpd6Imt1GpPr9ua,yzItk50PRwc6cHpSa1PBzarlV8IOLjO3nHe8G7gM8gAT5
533,B6Mjee347NaWLZgaU8MZ,HaiDVzzq57bPyPazJXOcIOGFF7D9o7q1Yf5Pa355alSoZ
534,UzdCsMcmT6DspylLHO9a,jFrnNn10q3OtvR7XgnF35ExtSgZVZgFGyH1cLnSKB8mkp
535,xPoaW02R85idPAsM8Sdd,atNOPLLSBnTLIu6qhG9JlKPKpr0q6ySdZwsIm8h5I3Qf1
536,V5ah45hUF4sRufBGGPQx,AVjQCEKJ2duST22V6VZBtVcirYvjJ7EjYIRucyNQvgDRZ
537,asoPXhikDwnob7RneUBV,nZoFC3pva5wRQUVJaqeicqTGulQNstIHCWOemBtBjl0uO
538,46cHNWIS3bnRVSZFXL2v,tJaVrr7hP97vkXd8Oz1keG0ha5tODKuw93enCljWbXC2R
539,fdA3wl5sTnOABd1VBflO,hmyen3U0PkapZoTRAIGZ739umbkR1zuIDS9jnHK94HIhK
540,xpyLLd4172UGYbmfuurG,KnZoLQK39ZM1zEw6PWeuRzgviC4D5IDi018ajx8ak6UaK
541,SbpQm4AApjBVSQoAoOTB,0l5aWwoIpAWj7wcufdwvj8iW8ZL4SNqnI7kJsJhdW23O5
542,mK02asHeevOnI2xFvuzd,iyT7aCvJYksyJUEIMRU4ij8RAyAKAJwqZxuGu0pM1bdQZ
543,dKKn8zdwRFqcd8Xxt59s,76I6mrPTk1xxZ3D45RSthBDIVsQe5XeyXRNzemdRg8azO
544,lg0Tswztz0t0qLilHGLG,Ix8zMI2ttgSoLlE9kA5OGNZYWESoodXmaTETS1j0aRFln
545,4abyQC0W5zTrN5zcS6J7,GWzcgQpDnGCc6dHkebcCig98naQ3RyZHzSEOOIIYn3zBc
546,3DUTlYh3QZzbV6B8VUyb,FnO3fLHogIqXidBM2TO3r5i0oUCKzKa5mELwMsNQlKk7u
547,XGBvBppRDISVEdj0G1zg,Pki7Rfv2yx2kIuaBLqbFGOmWolIUSBezXPJJHZUOKjhVg
548,ZsSS3QHZ5AWuRBICOTew,g2UZbys2bmIJ5UZUBJPKlnpy0ElnNqS13ghUQqWiYrwa5
549,oHgOARAbeLOyGnxHh5ob,cQUBzV33ae4uqqvzU07nq6bAPmTKL7BrCH4sSQyYTkeJG
550,GketsNZZCTBiWkTuhiij,nfQIzMWZqnwRvNpuxstp4jKT4Biqkw9neqiEEESrOiY4M
551,IPNt4z1NhxdvODlru90j,4DOfjDRRgdECBSsOQH5davmOJn7buTOjinsgkleXZBv5Z
552,g1SCrcIuU66EhlnFMica,HCCJUSljCYOje95UTx1nyFYOtzJKTUyDJyA8d8ZcG9zOa
553,r9BPAS02yflSaodMLwB6,Du1dmMJWGsAXEmpW6PpgOVZxsB1f5yIHttQZMeQZQTrUJ
554,FVAs7X4WFbA0fYcJfuzz,76qe6O9KHJO43ZGVULL6APzaxy51Y0hDA6qUtBLPqYetg
555,GaYovxbEu7dyh7Z7bz0c,32yPIIuzzkPajmPQ4wQ0lQNixmtpstq6ZpiEeknMPwy1b
556,vH2Hwtvatme5IvO9WYSu,ip9YW0HZrFTcfB7YRQJOln15NNAiq6xKRTcNxPb94lo8d
557,u9oEb5NpaVCPygO0TLXD,zcRLKid0Nl3wgLmEQyuG5FGcrwvBj8PUQ0SewpudehLzY
558,kLUsICuw8XAQwoJqW3dc,XXSJSgL3u7AuFGKv2fYZIWkEVCMKlD4AGJHT1aHh9achr
559,bQhcMUclU5R9UuVwADwf,sDZNnpASsH51CYMfVT7eoBFKssmRsNjpKvyid9v0fe4Xj
560,cQGN7vc24jEScPdrk1DD,OnaAGFyNgA3lsC4Pi9Rt0snFSBH0SeDfopGd5nYa6engn
561,PnOgsX5XNimRGaSDysTN,SQV9MhoSMH6E5NkZdHuolIQps2qBWB1RJDxwGyfn0mT1Z
562,gKiBvVpgtOkV4eqMXi9u,kMMWo5RWtqwF2fFR15ediB1nTs20HgsCJ57NR5X0xVhGo
563,NNtljtjSp3eFJ7ZACNIV,NwndgJybzrH3i4DZI1RBN9B2dasxDQs2lUngv17rQoNqN
564,JKbEV5bDkSAP0uFrepCx,GcTLKsT0PBE9rspQBIG8nZ1PMSjAxySDnhiJnf0CwC0EO
565,O2iJorCyFSRjJpu2Sm3n,H3Q546EYSvZPThickQLLLUMecC6aZ84o1Fxd7bzzrlUDG
566,xj4AHOA47aodCi5IGVab,rJdgGWVQ1J14lxxeCaugw9St4nT18iL8W4Vfa4e9rQbkC
567,1qLvBJYTQqfhoPHFxroA,TlJFBtn47cMVx3qVtDVR8Culd9DuSbHEZFgt2lJmTw33y
568,HdwyGLHFY1OTtaTDeFhe,4Bypbc13B60gbTgxVskDvFrAioS0DX2yXPmObAhaTU4oW
569,ZaM28agfgYUE5wOuijBr,79gYdAVwOcLCPHEP0HFTCVpZosWVwZR5d2xZsEnyQ63bm
570,n8azLNC2XZStU1RyBH5p,4JtOInL1oqG4ltEjkoqDnt1rb6OmPY5T1Mmx2x4NhexfW
571,z1z4rgb3luxxq4YFvsHo,iHjAVVAWwTPOhVvjl6hcKnOza5rn0CGjL9b38WwvVHhGg
572,3PhpO6w8lrkYh2LuchRr,7sW34VUxeoihJZQn3kp6DO8pHnGyc7BpWdOX6P2MUroiR
573,PgIf9OyeA1tGuA3yk9iT,IQdjqD6C9Ha6sJaZogzmdGgvM6X7zXsbeg0pf1hSmU5sg
574,GGbOCppzK6xuOeDCxsvQ,VHvOuRNCTnyxDoqhLYZoHx7Lb8y6gpy0NAGgi7ylmZ0YG
575,B6xZUINlnX90fUJv9ZqB,AL2vI5Sp3SL6vu4PEAfIot4BSpL3a1NyUISqtOGENlpp8
576,JnzsuNMGI8APYc5Wf1JV,vhzWIUmTsRlR5qiwp55UOr6hrxLPf5835NIVlftsqJFob
577,A1oWovA5kJCy9LpHOnhR,SmIU3GttjuBl4DD34iBcycFqHsK0zvS671nxnMKp3TE37
578,tQ7oA2TSYzTYejB4YiJG,LBiIdD9njJMQ7o6KH54wMj1d6RTiZTYFX9qWASFnhatXM
579,SLXQ2xQxQIvqoeenD8tB,09HQ4xeJd2kWhryT2Y5pVRybb9qa9VEZICmlVFYVQgxCh
580,BDk2HOnCAd8mbckQp6Fv,sxRHysMLw8sg9Ii1gyRcgvqGxuX5l3T9kAp6BsdHzZPxd
581,uG8GyorUukOVRVcZYWhE,xopgPO88ihwfLPJGGzBwmFeTekSKJFlHDmzf5kN1plHDC
582,zREQPbFCyDem9JHJJgs9,iIykhCVnqozYP9nILZ1GD6c5CGTR9Mo46KA2F0dGP992R
583,bBfcYU3k4tsdgSan4P0U,tE2NGiMST2GyCq8kpfooJBJkdxS5fTszCfqqwExiZsd9G
584,kEr46v2qWw3Xyf6j52vV,3j9HZx5AuMhyudF18cyQT56EuMg7BnSyFDWab5XHmwD9K
585,GJguniB7XNR0C9pSD6yV,WOfwrasNv2ehajXisbHq1cAcTLPyvMF6pRs3POQ9g8QJL
586,L2kvMIXwYQxSOjHsjduv,b30GKtjIDGbRYxxkRkeBUEtiJYunllDRPbDZBJrhyImCy
587,w84d0XYkWophMJZ716c2,GeIc0bbVLhnhHVKwoLAnRRLnRE4juK83b3nLUzBkc7BW6
588,wGZShtUst0SX6H7VTsQi,B8FZlbyIwNhnL2Fl9wNpn4gCdguIzFUKZkQpZ7EdNhevN
589,B2O7qGE3cYhc9Je4lG6n,7m5XBPWOBDNPjK3phtsTMsS9astYWX1FeDKxgXQHEdkeb
590,muy0eTuW6iaLhAGUyVrU,EIkqOmtG31Xh7HYpr40s09t3qUTCxb2Q6hs7vUVac1ufP
591,VKEWelLAkuAn1qGM8mts,O6HMbdo1QnNvssnSbwqJ4YMq7jhLNbFlPUWTZbVauvTiN
592,FMre4bI45c9xWzbIgjWU,ZayhN8DZvt6TiFstvH9860QpCo092FlGiXNVBzNUPZgIp
593,m4uMUsF0DMxVgZ8eHkgg,vIqRwGnRYTKQqKg0wKdNvbsbzFWQuiSbhsD7GWiopNadh
594,Ms1yCqAJFWecm622FV6r,ER6wZewt75EgBKN6MZobMz0hrDUanpKW8xiIOk6GalE4s
595,zeKNGLwvWIOseKASaC6p,2GR3qJZzgVTalupivPanyf4pzsao1kJBoWzfMDNLn4Ezn
596,4cOCtTbV4jtH8lTpcyyx,3NuwxLubOX40KQJieltJu9IYZEhqeKgphbUaoTG9RQcFJ
597,FFh9C76cNnX4qdxa4i8Q,42gNvpGB24G9VLKify3IpE7LLMOL010u7n9Z9cMlL1Qy2
598,ajy0flNYnJYypjIaeGvL,MearqnW1U55sLfbUd5bX3tCCzxvFvOnzYtfKsZ1FowV56
599,ZKQc7zPopYzefnFWhpqt,tYZstTNwqHMlegFZb6YhpXglIjxwisZDm9ezDxCofWnrc
600,wIgVmG3VCiWjVrUhHCyx,sJ4L6AV8S8pfQ2fHdDhtbPATPdibvJoIooYnjIkhoou39
601,51pdehtvLZlmr5Pt91mr,tw2XZ3816yZXo62ozsyzQEWQkVq6dg79RuZQhAvgi2hKM
602,38MJqCshePFEJii7zzvO,aW2elCSdbAXjjTuZNu3HoEIpeMBFQ4vTTMFZRMxqPCyax
603,7YMa0NCPY5V4JsaKasBH,Usf27ghJNt2b9pgB7j6kULqLR8SEiQiAMC5qR3j8OGwKy
604,7Dh7vBcvGsTYvWNjKGx1,M6XrXsoeadqXoPFwVnB6PW7L5gKEpO48jetZuuAhP4mFS
605,bJB92uVtkRx77BjJB57q,oXLG2aSj3h92uLUGid7Z3YEAh9UfapfjJ8IEExBIU8YhL
606,319iHEZcZYq7rjnN5kri,X0W8h3AGV0YKey33aFWLkQ4IlZdvf0SCVHyAWrnW3ZvfM
607,i1jmiPWaQsqJD0Njv1aT,2pPsvYjONOxXW4JyyOzyPRAsfefaTNu9i0TBKswPnC2pR
608,JiuYmX8H4FzkKFSwusLv,qOv2b6VyjyaULQnoF1woJ5TEwBU7YO1O6ohapjl58v61U
609,yYS9HPNAu8vdT3w49c3R,0wjXir9PBoWQVqQIMiiAwCifVdwclJVJCEOWacAz326Xr
610,b0J2TFkVDLYrv3g4Wv2B,0LSAy9K3aYlOuGzLlH6IroxcyrvclG9b6C5Ldcteawa5F
611,BYhw94X5iBbhWk5WvdqT,rtukklyrvvr3EyfxqgF2EZpfxDClm2sbqvwLcPHcWoYX0
612,jK8cDBnAzIinTcz14yLg,wS72RjOAXuAmc7JbQQmOs2HNPYIuVgkFlfv6h0BTGcsZr
613,LnrBb83lrchB2FE02TpO,rSltQjGROGXorLei4rcukkTc039eoHkjQ7ygy5rKKZP3w
614,22bQsGhdjTGnA2cqs9KY,YNvMpEINLpKx8OLabpOm1Gteglx67FxKjmIs1aMbjsPvr
615,0bFDeYptZHI0wy9Py5IC,fCwuUoN3X8s6zKW2WizjjbDd1kmJ84ee09idfSHvLletz
616,VO7uTcyxkBcrHS505AuD,se5JcnpF1h2runTdIVvmGyEIqMMSsxRcKFMWtEklfWMu7
617,NthTI1fT3qUEwmSar9bP,uRBKHxQurmbTY88emDt5vUtPLN3FWrHwNrkgjKXC6WJWM
618,x26xfBTpUbmlTBLIUrmY,e9G7YbayOtoB5xwFAj95DUtx3DPsPFExkmsP58dRYH5i7
619,0ePbLY3ENtkGuM9lfTLD,12moAMF8kPaApJHBQX5YcK6nF0J76MkV5d954QeEOLfbw
620,aNnWdY2B1iytN6Kwmsyw,WdEVA9wA8D24CYIwc5KjXZLeMEJZwiq6uzWsepbO0cn9A
621,O1msnjpwfMvjri8dXhoC,NEJMffaO7nVsOnDfI4LsDDDJxjJyS3vs9QP5SAlJdYy2R
622,Od4zytNE3w3LSdvvhJsK,HcKSRvPtxdVzJwLoVNjgLoP3m0Ax6vZTMwXz8b697pjAI
623,kzzR0eEF3tnOsWxBk7cw,9qH5qx5Fr3gCZ7MsbBR626UJgDLxZg37TF5XnhxPm0Vrv
624,yshPqbqFK4dKrcZ6GgTH,RWjflsikPZP3x5Vzl16IuRDdTjiJzRoooqIHO6VQuDB0R
625,CdWT4ay4C6Tqic8Z64qc,HQWtrWp86TUd7nR0z0MEaYxNKYXhWgsU5su1Ld3e6sv5q
626,Iu7jzqo5xjBBCMpDIKjW,I5JCmTHWpPxzxWXm0cThApYrqe8MQgc5v14aSiTJikWTF
627,w5ruDvmgGoq0qsvdxR5n,2OXAsWsQ4cJPCrvicdFggke9ORe7D6yLekb3IFMgG3FoF
628,10SrY9j4RCycdOriidNq,4iZC16ZU1z2hzdXKRudbw8xApQeiva6KHXBW0oOZ3SK1j
629,xGcMExeq3FBw82KTlN2x,iPOgwYbbhzrZ0QiWzCpRw33IOSwGD7lbd7JxZQT55qoiU
630,032RWeYBsn2dofTalK0L,7wG3kQRSzwD9QRtfMZW6YNGP4tMHjQPSEpX2w8gMfnkZv
631,DliPsnFjDQXPjD2SoX4T,YXdR9pnNtQzY4C83SNwMqQ6Bos5Pu5MxzGoluU2ECYDUo
632,hYqyh9gO7eVnoSfxlxlx,tRk5K8lek5zDH8trmnUFB0GtyWlUzgKhz9BHjvTmSguP5
633,UOaIgbCcVVflKZBuNFAu,2WpDBkjC1mXfBtxyJacOe95LE2okMtdbGVtF9YviXLwtY
634,8DwlqLJpdFceXdqJvv1y,F0hfbEAr0214hZe6u9sLQvgxyhcknyHMxXNGo9vnXmO0i
635,H17NETGv41pRArfsl5Vt,HvX0uD8Bg0GFF8Vs1WJeTKgfv1uKM5K7pjS6APQYm1Gdz
636,2KXWamxkzurSxus4Mglm,wgUDh64eHkqH3uGuoCTV6u9o6HhJV1UorNkSR5T0KJCXb
637,8Ptge0IPC811hV1Evzsb,pW5mCwAb9wF1kgZXVvfuMdWxLdY9G9qH8SPhLxWVuQPM7
638,A3kayrWqqPrDaIRzsl8s,XHpGf9mbVqH37EFfdKqpzmXzmSAwGcxfgsCegaATHeO0g
639,TCsDKTdMQK8trjUFZALY,aIbCAj2eEVrN6PRNPFnnX2uEKG9XB76WV7DLNtwgKpYh2
640,ayemUEG55Ql3jChq3mux,O8pZ50ghB8d76b2QbdQK8iJM4NUxBOfrc1qa8UAdygYWg
641,iT4WMhbCyER6yeLx1BpA,HzHaylcACjqEFfbKNazfx99onWMGxvedvcRL7wP9YJxcD
642,BZImNxINqi7Vp8yjPAqi,EQ9xYLILvdmr4FV3cajAJPbb9JmyqAh3VOld7ZKgFqnAr
643,xXNLyMe7piSLWmPy9TeJ,NhVLAlTQoPKzQsdqAsNps7OEYCyB4hi8omTWYi8LRh4r1
644,BNFoAT3xfLkZJYSwqKX6,MZ3icrphZX1l4R8M8QMPeJRGQpPDX6fLW8b5IOB7gphFL
645,YkPyR0bttHqe5pdfMKxJ,YADBvdKohsfYoTmb1RS0oGRPkiel7xp5a0oq6Hnd6wIry
646,1gfcCtskHnVue53SUS92,VnsFPmja9H9nRnmIlKMmwbsqX3B7Nb0ulj7XVpBU8prIw
647,ZUF7LH0bdoyneDSs7U6x,dB8zk5PA9d0hgrmFm5VZstu8MIrDRYFzEWaRufFBtMyq5
648,h2PpaTxKBT4SZJnXwlFW,pKnYtmEfSjLKfuByWs1vkY0GUScmcrrPJy1IUv1Svt0uy
649,lvE0s3JFwzPC1GIc3CL2,Hvp8irV8uSKWMX8mdmNVPxumAs5cEiALqleyGZ6yeNkeW
650,XUaXmEGHvQfKKd7ZKvh9,ZMS8aTcbh4VnJyqH0nSFAWzonJK7SzFArdBCxeugyEyS7
651,07ba2UgvAAuUxFss0gvO,ceeV2TvwJrMIIANk6mCYFr4LAxCfJ7Lzc46D6Gag733hU
652,phgDTpmycppfI9d2nA0x,bv2iwGYDZODG6IMnouzwlg9hNpmvmq4Rnm86g1S2G9vIg
653,I5lpIO8kmzi4tUVTp891,FUcbUq6C5p2mgiiElHTFvHMa43L9nh1ESoPQaMbJELSOW
654,EJnA69vhyBvuizII9EI4,2dEHh8PIm7hUVJFcsJi3iFr4OqMEzeq5BlxREvScMboKG
655,ZfYHhJMfj6076SUjS7Nf,wguB5jGsSha3hfW0fRVIFpPc5Jyx0qZntFXd3GbXv0ZXU
656,BDdDPebeqgk1TwtSjprO,SC4Idg3MCBjMvppcwBuBTADjSrk6DoaLVZ9aQMW2bWibn
657,LGgUieTSO2HsGjdUL6sr,B8Z1ZrdjeQltkaCqyL79Er0X9FreK8SebFW9NMz5QjH2X
658,ab9ZXk3xqeWBxC75b5SH,kloQGhlPAsHPa7ZnC8vmKkLuzqozUMfmk80dU8eO1EKpL
659,ez2n48wR1nGVfIbP5WK7,Cn21LwV2EPi0Zt9UoYwOKLPdJrUA1TisBNVhXWmzONQsL
660,ZxoEvK5BwAILfR6PWOIE,yiU3LCbjJfqi8vcNxZ5Hs78uFyUurX78lX3tWPpuaVhy5
661,8zFPLe6YdWvTihUu5RGl,AyPeJy1usRmtYP5N0J1XiBbowgHJCpEArss7hvaXnmfYr
662,yi6jhEBjjzitrXFVvNGt,ygabHgv66HDXOHh0eXADrRDUj7mYF7rhRyyxyXk96bV3q
663,PWwKXrBrOw0cTmn64M6o,eV1YZXY3P7SZtRQqMvgUgRy1jj5X4tqTSdUTxFaIWMPr4
664,mP33yusonm1TgBv34K2w,pvps59ARyO5Gne6JrmNNmwPT0FtozFGwtvdMtaI0nDlq7
665,CttfXiZvF9dTAuUvkJYu,Vz5QQIcqCfnNJlem7C0NvmHLwgGhkMBUkwDlY5hta7It8
666,G2vqu3RQZEtESWy1SQT4,MGFwW0joBnVSJ3bgciYs54Sj8SVmnhSDDFQEg1hR6W9kK
667,a4C8HpgSCx4QR6uBNfug,bzoXN1ZXjgiYtQSOX3PHSMvV6pgrihxGgpSbUrwo6QcHI
668,ueAvt2ZhhAwRReVZfd4i,dg5wikKvBfISzwcSljx4UTzEnXUoyB5ow4JY3SzzI8UOh
669,TG1V6ivHw7iqxkekI41h,Oy5uZbdrFG3Sxvp6IXVkb6vPAxSSxt57W5ULz22xIxF8w
670,dca4HfCdNCONRoOEAdIz,R7zvHb3iITV85q4tcfnYBTXlPAVJFESCovyvKSOOCLO8h
671,MlpHLoFf7BsVsOg2JTxX,P6O67jvpMaGDSKIUyKqlsCFSy0XkmHVvsOaGwpghQCJwH
672,NjyY3InG67Yq73JrgkpD,U9wqQKmKB39Ny5jVtXEu4FAwjWmjK9b6VCxkn9NXwdPkP
673,w6HoaBCp3e57dLSELeP0,n4LqM7YrMIJkGWs1SGQbylZHBfVXBUPzsvrVaTWCJ5bSq
674,glhQ0VbxLQ9dMDVXDh7t,hQqiJfIyWpsBsQTITLW2ZPYw6cbytUYvsi8jzfGB4SZsk
675,CMJdQ041aRMlPKDwL1J1,rJ7WfkRhaBUOo3Mg27njBBgMkjrB9i02rYU2ojkyFzRNz
676,hwGEy70terMrJ86YILoU,ByrdvP0K0OwniMltANcvCi84NoYYDA0KKsErxrfPhj9zA
677,5jfY2ZpArrOaAVkdAHaY,iuRvz00njofMK8LOKveffRDGi04ESInKCbGkPXD5Ukw2L
678,8s1diOSdR3BwlToKVAtq,c64BiBGmVR9LqQEGZtGg6UaqnimRSTm4dMVbSqbqzgHMy
679,aiuQVLZLaYm2nDOgFlx0,KFDAtE1Cj6P8EzK8YvZBUjQyY3neRB6pZGN8y71UD2uwS
680,cnoQgYgM630bQWD4EWyR,sitEUK65o0yU2AXnWF8KELZZCBD1FkDkKCx7Ljv6nLFXw
681,1Pv5NY3usFAVjhnq6ARd,0dfbpZM4BBQyf2iHprpZgnWImkb1C7PRnocaGHJ8BbhEF
682,5ZEcDIb0JxGr4LeogmUJ,xPKXso5bIp2S1tCa6R1sIbgdpNOV2H4SPwl6YCONTpKVb
683,MNk0YmrkRw7bvgX1MpV1,g5cY3tnQ052poNCSeob2QMIkCniS9Xg2weGxTSXW9irj4
684,aJDYW1L026RezE0JPbDp,fh7UhX3Bi9SS14Z8q5CLAiAZOe7YJuZFxglHTHsTLjmBb
685,XhkeQRAZHkH80WGTHfvg,hKdJbTv7R3MV6vy3VnkajGZ6PLVsq8ziV9cxSPuXY82O2
686,7bAxgTenbRyQ6h6fsh0U,Nj9UfZIosm6Go2KEG6NxOD2fsBVaHIYyMQEJvMd2O4DhX
687,ze9b1NjWJuE6jRlhWgfu,k5GT07ZMFoi9Heoowju9Vh82dDuI16L6J16rc1aNK0oEK
688,FK7CUl1a8sbheGHeXNFH,pMOA50AxLBGyI24hSuK0RL46ceaTNzdYqSmuOulF4kDya
689,EfscPya5NUF6Oo2D4aKo,dte4PKyudl3N7tJ9ScisGYrCWUOaLRUru2Vn92NahjqgT
690,uuDpRqnYY49mWaTx5tEZ,B7MM0VNzuHoEID2QUOnixs0CZqHa9U9IHh766A6XWL10L
691,UGILj0oep3xNNLJJMNHG,7yPIiuWvYwm2Rx5eEkSHLwWsU4ZPY6h4VISrb3N4feQ8n
692,HuYHMaRbkZmACutuSNnD,bcf5RGUlcOu7U4AcRFIgUZ9gF2TYN27ENYL5hqeuc5wbu
693,DYdi4lfFF6GaLGtaxvyX,qYDpEsqLkrxYd2rbQFF1MYws01RIfyVwR4whIFcLRrD2G
694,N6c3ZIbxUdPDkPRYIVWF,bQpajDQiVyPcaVLkaIqD5xSPEGffvg0D6XOh43LoxfFR6
695,MqC189286fDKcQBlstt3,Ksi3PfQhiZs2a5ao9HUQgesqdogjIUB8f50y1RyCmltc1
696,tvPqPA0vU5YKNq0gwsOJ,DIxP3VSHzbpRv5SRPNMNWrqYQdlDKfBg6vVLL8ITiGHAc
697,JU978GmnKXe4BvlyZ9Cb,VXNeeESWFAqfJ5CyZFXwwdf4YxMjUMvUBpkU47vwfUcmm
698,PbIGTuQULQfS6pQzSgv3,BwsKSBeymH1Zg5Il99PmuFZbIN7ZxpiMHgUpqch7pTBl5
699,OhSqO9uFVYS9wBhDKFQw,7LNtsjDM0WEMCUY6nkL0npzUlNWz76zWHfotgiY8zwqgs
700,RLfhSUhxT3dWl71HOfox,WmMAZEdqhjKdm86xtMGboQAN9Cc0zbYUYLWKSCqcheOsF
701,lOVApiw7mGX7aD7VnlK6,K1LUyWWBwKxgsfYe5qpl3ruO2msY2R1TRCDl8d7733nLk
702,cN1pXjKZz9el2bXVbFLg,zZfepHyLLuoKKH6UnAUHhVRyMWtt40XuxaYRPOwIeuqCn
703,9MD2778JI34OikycAGFZ,BaenGMiIr2bJK3k1Gr5aNBryCLRunGa4c74S2j8cNqSEN
704,cTCF3IByxvO5jD9xa8XO,wUsaVqPB3ENwPnCCDPt2NU4cHPHHxemAYBFKCqRIlFvbZ
705,3NGoHeVMnllX8n9WYoRU,EN0rn44ifuZtGwckRsuIbEkFEE8ZrDCsf0JyCy3upjHQd
706,cS88iiDLxS45D3RbR5GP,5f4agSsKIKX32C7sp4pOk3gb831WmXah6239TcdM1eG13
707,YrPM8E3N1EMfCNp5IXRg,yi3xmiNEeurbVQoCiCwYnkgvtmGjHes6vx3ffeGVTo6rT
708,1UJ2hxQGIejbokZMyz6d,k34bu6FTDKcrBSzzliSlbx2iTWHzvteP2pRBvIgaJ8hg7
709,A1f0nMcnjNrJhf2OgScr,6wdM0CozHD2guYyzp0tm0SNZScOV3u0pVrY8547aAIgVA
710,nQtPP1bgEPAGRDpF3WTk,oTbryubTBr4Tb2QwCihJbAwaGmS0bGQ5YgSeHSoScocl6
711,3gnnfSK1WsHmui3NG6ZI,qClPZ51Djh8W2bv59C1x3uraoPyX53QiB5ga9ZlprQBLO
712,GynljXt8GCQKxjlJHqMj,mCRdpNvmqmmrv8gNdEDEBjwPxuvsc8GRZE2TdXxVPxj1H
713,L2EkvmPsTg68rklGIwpl,9EzJUqbyW8VzdOkcBPUincqNqG18hZAbMZCrKRAcEvnui
714,edvbpGZ0vYkobGEmFYdW,UtAbHAL5MShikIJsht0OzxpK7pw7leETXoV4WQKbNhLkH
715,lgexCslqoroja3l8aUHU,RN6bQdavyDmXTz0GoLoAfZ1uwqlky1LAREMwquhOU2NgO
716,zWOeVe1mpypJhFroyzCO,rpTQ9fFcpneBmtrO0EPDhGzvDtaE1clcucBXd28o91hHt
717,mGuoCP0uznHZ1kJ4FKcO,sqgM1rPj8DgZvCJ7DQrQYUEhEbVcZg6Y48VtnngODgjgb
718,Jnj4h2BlIqmJFQFGpyka,xi6gKwXI4vrEr1JFleEr92LOFpWWxEYRa0VmQbAUXlwZE
719,bXN1T891WdGam6cupeLc,4lIhxjP6Fm28Pr81JH4vLBTbS2y8Zh5oEuoCMNinEFPTm
720,vOuj1Uodum4prBke4eEb,9CSTz7L4PYdwxwDOpRJdcLBYBKcRHZGmzI9dmKF7iUxcd
721,z1dfepg1ZQWKeihC3blk,a8CLacVTdKGD0IMX3hjHgKRo9jNRbe0ApEG5d408qkIpg
722,EBTSjoM1uYbDpJVVdorX,0fzAMGpJD6nE8D4xd8twhRICnuEtviyktVcLkKljthPtP
723,k7ZrKgqB4HgiB7T0Ixak,O5lz8ULUwNgGczTDYJ3OElVNSgQ7lsmg7gYYxwBCPOFmF
724,AIqJ54uAveHWRkoP01eU,52PIcoKYbBfGtgGaAj4MvKQnaZ31OB9Xb092DZJyA0nAi
725,ODZ3Bf3JvNgqhQlgYwZt,hf8AEfY1NXG0DiTgEVQkPzksydEN2tB4TeKBwd8whaDEj
726,jLophcRAiL5pB584fI9a,s9rJmRYBsmLcUWpRVD2zoxCXCmpifVeWaZWmH6nEdlCTp
727,3khiRs5BA2yrUK02w1V6,bkOhMie3tYVeL8uIYtfqll5RAXp7iaEmedYTo5HoQtAEx
728,ze4SYBffdAtKtkOcy1d8,ax8qu20OSx9bEzP1xD0PYKcTrUHQhDQSGIY8wSOQ5uPMs
729,WLhJKdQ8ryvpUxaCRQeL,C0hW6RqsBO4TRzixHvnaTknhAFdjlszrvfevZr8vmLV1D
730,gHEzfqenYo8HJP9zMaWd,4oWA8rC3ZhRlkxwVlLKNTXAv1RFUYfp1mMKQeLcxwb7vq
731,EM9yDzI0dKoBtaetuBMM,7Ra1IF5r5VmLhRVm98sYOizcXnynCso4cX6BgLl7nujF2
732,FnPdQcLt4OILvZQWszVd,PwMXlmaehJesOlGfscEae1qb0x8bJL5XMPXJLVvn9uooV
733,uLdCVlfw7N0SlLXZDlFR,WQ8PpomubCzcQKrhC05imTyumc0j9Eg7Fk52UdT7mU4zS
734,DCy0tBFkEkqke5LSWwn1,MozX2SzdD5SwWGjS8KP78RDGH4tP1m32STCXVz5liSBBu
735,vvDI09D6uVNZmVAJgiyF,vUkfzh7xFL8tFnjYfSsW39Z9WhDpdgxL8QlVbOW7V0g8J
736,vXGoLIqMx3bmW5xaxzhR,OxqJqWticP5EKX0NuJiDcurU57TSVQPjP9p3FAIGS7BnQ
737,rltpn0WNIIp73TMz2U7k,3oZhkWRLMzrQxkYltVhhEx8LbrSd1a7j4G9ISMMB8XALw
738,SRIzga9Ph6kwt3s6rEK8,79uOLIkWo5I23uJenSQ9WflDnSomN4JsdQAhEVEc2crMY
739,smwOEmcaAUo6rQFgUKt9,DL61CNuWDW3RLqazdzFltJOTBBvFYxDTmhB7C3FrruDBg
740,zVa6hGS7xH4h28R36GOn,cS48uzZnipfh7V76tu0Blt8aVgMn7kB0FG3qEXWjCl5kZ
741,8yk3uDQwFSwu4hGpq2Aq,x3YO6lW9qkjawJtYGPSG8F4iyT3O9Yns0GGMXL7GdjPIN
742,BFLm0SSXW9YvBtLeAxBw,xKr0MQzgth9RzYzTU0JSfVqx46bPUbCp8wncBF027s4rk
743,xk6M0sFFDi9c5VJo6KqG,uCWQ3q3uYDSDFoOsegSFCsPQHGJo4Mwrri0x86PUviBV8
744,vXrQkcQZ8oPkhjNUzSOZ,Unpou1htSpeFG7EkxZZIsmzreAWezXZAs0FLFw3e8nkyS
745,9UIhI4jjLIoytayyXIN1,Aa5iRniTgA1M3FviwgTF4oxQVCNE5uDcpxcm0smkCoV1F
746,KwBy77u5WVwap1Q4y8H9,HnUu0571ts83afEi6R1Ec53vdGCAGFFoobj5uZI4WF5n3
747,oIhdsEnbU12ogystoUUH,xtrSdj5luJYnNOlb5cR1SliJNn4AM7Wl2h3wUW1SejIF1
748,NVmswX3ycUNohSf8W97j,fPYGIVtgB0uFbpDZLIrG04MCYaQYvVHxTv7hlBmi4qAXW
749,wNGFf2dJlgi8Fu4XxEfq,JvHcin6ProlVQlMRnacqEQKT3ZcI3beZ4LOLVcI1E79RN
750,PzCGW41Q0TgzMX1MRY7x,fTQwb5KHG6RHgm72jKAlMHC03ipANODkhQz5L6qbnfDzR
751,hqsnfknSDIIhYX79zxyy,YhSPIowlAnUxbx8m2ARqUVsPo1npBIBXxKtr00rFWE96N
752,d7ts0wbjA0K0Y6jfRZau,SKW2oo4DzrnOxLARA7sjEoOgPm0PSwj1a5tFocLoknr5l
753,TOIWEvwgW2CDLhp3yoY4,apevKbFYKUMPh1ONccG1kJCQxdrBVUihhLJfrIjnFYTJr
754,kk6OSONcE1yhieQV3vOE,rWn4xDs04blJ7UKCd6j0YFVE4mLIPw74TEuiVUQbRrkPV
755,dSs3hvIXjchflh70gfAu,1Vh0tpJec4scBtpWML239uTwOqWdy4xExjgClXMiNK47Q
756,VDs3Fk7yDoTQnIngRDFE,XlYHwfnTWBsXhcTMIbdOlTV2oEd5zgHACnKxn1EsxlGNt
757,5vtTmhgTKGSeANJnNRZM,T5qd0nyZ1ss7lqFf8VTrdpRV95DtweU3le6eeIM6dvtAk
758,SSmMzSgOdEtZFUGqhXE0,aTg6G8rrZ9hS59j2lfUfSBh3qmNIRdF5jB1iUGBWoraG5
759,OzrNt5zVpqUUkUKw2FCd,vCNf0QsP7OE189FskEYVAil8vGZcglgppytTFz28hsLBq
760,hOKfGgDEfV2W9ZhWTG0p,52And1wcjgFoiSzaX1FI61Jw3xsrgqkobouQZFdyzqR4I
761,v48briP02EL0lISdAGFQ,g115OBXmcqrN3pkrQ2ksT9i8EYXf2SQ8ECQIO0UuZ3yDh
762,i8mqKDYVqSnoajOGfzJm,uPG9f2ahTzYLRMYc8g9ybJcpBJVDPkWJI2RUBIh6JjUJJ
763,1pSL6wsm8EemRgsMoXKv,UvWm09FjCXN8yhIj4tzz2Hmxe9UqVR5rLxBHFIkRG2cki
764,5hnj049KnHiyGDewrSmq,ZR8W818hI2Whe0wg8bl5pm2TvgRoahytzyN0AiGhJM7nB
765,7z7jopZc6augCbZ3PrNL,bNFBEgnzRv8SlYJX04xyGn8EJIHPwh34SAyQXNAQ6Um9j
766,LleMIz7ntAp7FKQ1Bbzk,sYMThUjUJ5ICcie4JeTXEsScpUGg8VlxG96z38FnEbrc9
767,mr6TU7LomvNyEMCHFEUd,bMFuqvA8qOVbweK7UeYzHbLdbkvujnnsy08YGYxNKfWSj
768,16PIJhBW8XnZMNoRnMDg,8h3735iorJBkKNs0ZR7EJ7nVTr3l9mU1T6iv2UqQMV2g0
769,1KpxIrQcNOg4SICv4oOA,1EaZqfVaEZhNqqpi6hspmnJ3d8uoKQm2Bx2FiPrP6aH1b
770,x9qQDb5q5fenz9piSADm,M4fLtaeXXSl69nourUTz9PInDDYxmBzvQ5gLTG9STKeMp
771,3fIBW145w8YBrdTHcmQv,o3mPYkM1ynDz7DTOl5KjAgrOlKKg6USep72hZ4ufEJVUg
772,cVxkuP4WETfs90XPIO5Y,mPSju3enwSXhqYDhaTqbQF2sXNvgtEkoZPFa299aWzAQN
773,VW4skjt6OAPAEUlLpsHH,DbUMWaM2ZrzrT63mQhsK2H1qMogfz5cJQTKcIkkjk1Dj4
774,7qPQnr3vsKchxreEN8Qu,uR7bv1Rl7naaZwXLKLm8TtnW6IAZf39snpwPlNZwutuAW
775,0zlX5eZnl7jafIDRw7Zg,WsvzKqIu2G1jLYhfXXPzIgQYQKjSti7vTqQim7Qzf8pB9
776,dmFIeCBkpulRuV47owTa,fDn4YgvJyQmLydWUEi7GlkXFYQTRfCwIXQpYeZAM87PWf
777,SqQOU638gO6mp9eFPJTR,6llUNJ8f629LvKQ8chC0yfIesmhymZLbSSBe6HBpZTGuG
778,OFJdGCgia8ztgJ36SCtp,5Dbiofsgiig3HUGN8oxP3QEU0c3ph17JWGTKysOUnMR6e
779,3Jj9K8joj67492FoGs5o,jehXkRBZNWJ8k6c6lWzYNFzAip7yZj0A88exAN0ywBxvu
780,O9g2Onvf9MFShfB61BjH,eK4Dr1S82NvkLegKau73xbcufZ6Mg1DfVQRPSZ8w7SiEb
781,k03NHO8NCTEHY7D8yYh8,86fIsN9nBeBOHS0ZIsWcH1DB6fEBo4dKb9tCVwvjHD0GH
782,4gmfhh29Z8Ko7adua8GD,98L2k2xUpoJWJCD6j8LrVIp73v9t6iWSdL83v5kc1Wk6B
783,Z6LobsDq1kcp2OtHpomR,iSJlhcgz0nf2G1U2CwBNl5EVZ3EhrN88rSz2qvwyMmkwP
784,jWN5zvB3mOpfXRZ5rO0Y,Gfyn9puiPjUKWH2w1TmvXAPJFq0bs7ZEikB2ljkvubzhG
785,5SAxjbzdpAKLsEC0lcIA,gSIOZxdPG1FmwGRmHYjoqtbgwotNa16NDjTgQtZtjR29s
786,nwNUmjuHnEnPVlOrjuwy,TqJ39EWnvQVFDkFzxRZojvZpH2UnrFCxBhlGzHVvoItih
787,N7lYAFykZwGjTgKK4UsD,hEtDGALl0H5q2seahY3Om1NRbuCdF973XuFTBL4tGU6xL
788,0eLovG5P8w8zwcMgtsGw,P7ZSytn640RVhY4E6kOFbL41a5zJnR7bUdcbIcENsWtbN
789,gQQCurs0tk6XzL8T4vco,ztFBlhz9soURpyPdQGWXrjfzPU5tm0FZggo9Z6nLsAFrT
790,OHlaCBItQK12adDeeuD9,DSWh7jcF7YCW82QgTiNR4zuKTXScYwqYdHUji9RVKtEb6
791,T9NyiurpRMrR0DV6wb8g,oolMcUasTu7nTHAidDjw4DJ2bozzxion7xXrJkpWVBMYa
792,eMFkgfsBAd9LctBPSgpT,yHAUbw6dXFUXD2t309yGdrvlGx2kVropj7BNlb10YlcC9
793,lSTSZCMuGWkwVzzHfBh2,keMdkLNpXrBR2oVy4F5a1OuZ7XAlW7zolXjDX7Rc26P49
794,McSyhCFRsi3Ee9yHqwNt,v54dKnQQkJEB8ZJSygE9j6cr3vCxYCw2sh8k1KyxiyPGN
795,lTAKmZvXMFpAfBZK8IE4,sl8WItfBqj9Zj5GybdxxjZWAxYWNYU6pc5EmnhRoefYsr
796,aB18rHWABFNR3XuTQFce,mtyIyrajqDJjnxFhpwDFmxZwKtETSeiciGveHSl1gX1zp
797,XQlIy10obuFe1NWgc4ro,ZJZNpmQBse9KvXlixwbdwwDEkiAE9Eed80zOfaCsofGtm
798,RECWvQ8WYbPWkVIHSzzf,AzseXTqrj5UYGfhvqxpOZNQOvStnLUQ06fJLnwUKPztRe
799,1Ms4sTp59Pn9dIH1zrLg,dybGwfQrUu53Gawpb6oQmKF5xvGp6DUZ13k3n3Koy6rzj
800,FDNNItKsSMKPMhnJIAfD,flYnKx38Fa7nCepnhgpv6GQx3P3wJ9X8FyUE4rGzujzqZ
801,kz8yKKWGYQwoFErUi0CV,MjF7UhvFMuKupgOyTPmeTdd8DHVUktapksSHSnsQDqFIv
802,aCkqfh6sp7gCyKsFt92Y,mYycvSgHqUdi5NBq91SRqyxAsia6efV8xooKRWeS2GPB0
803,wFqQ67upxuce93fCBmj5,qEQiTYKSB1Lytk1X1CHCwQ1KNxb3FjE0QninPVzHRNFX6
804,ZwiRI4c4cmlle6DVMgiM,OvtakPrWBxXtZiJ3tl9sZ6srq3MxJnmzwr7afjB3RDQud
805,qPGyqOIOyjg4Z1G9FGfa,GiyuwcFyuBrZmUQhGKTnuXMU0eDN2WN2QU3G4OqJ7eFPq
806,CPOO2mL8ZR92kx7bpMQy,BCvB5HbSJSeQgUHLLaZtl68uYILbXlqiRQBvRPUABfPoN
807,ck4O3yfxxHN73ZxPcXJp,gSDEHqmFdXW6DmYOofMD5mNCMJUHavL1f29lGSTtxES6M
808,GkN7ul5giTyF2s01oUN1,y2ExRy06pAWLxUZREcZzb0i0J2763zAcGIc4lmFVnZf7H
809,Fa5iCkjLSW2i2w5FTzhO,1NujqhEmmncnb2sTN5Gom2dRjxYGjSvJL733h3zyvRfv4
810,SluzJxwu68BUL7UaeeiA,VEk7yiR0Z8n2hVJHx8vVeB0QcOp5y5rhewCRg7qsS3lDY
811,rJiBo1lv2Pvd6Xj89uOk,zPGWrvXaHFlxcjqOE32n1f7M89bJssQ2y6blzF4tUit3L
812,uH10NK4NOTeXeiIxdC3t,B6KgkdxeOEJaCdHD20nrrbvIa7VWa3ZeyBsLntPjAA4Vi
813,4QodVK4gLMe2qVFZQciD,GYv0SvZ6QlpHUruJmOCmeeNCEB4xzV6jf2Ya5uz7xalKV
814,l4eQnOXVRlPNBD2AZzPK,7Z3vh9D9GPZPf3a7WZbOUizvbS3U7nLOvZXVxDucvvVqM
815,Fw8tVHvYX6VPdSCtZLXL,MRRg7jy6XsgXY4TAbrLC4UO01fVIpmsWIdEilyEv9NokM
816,Ro1A2iOFurL6C66bOaMi,Mf7Z9IaQl78qk0ej4s9f5uUUD8fZisRlymTcCWzuDohb6
817,XOBlTPQ3vtEXeRHmnOal,Ka3Eayi7VQIfAGNpgKcb8SmFfVQQLOERrSObjqkW9vDwc
818,LG6LSdwXvyl2g48R1AZB,cfrTZ1hSR0Z6cbBbpe3LrwKcsadKh8GjYH67F6WOoJxxq
819,psrq1EysVbWSrIr5teHw,3I80R3eiJL8fqNlKWFyNV4dQ8pFq52rUUbZfamDdPqnln
820,BJ3FM70zgRPbsvux9oxU,ZaLgeqNHEy5fBMRy7PJvAxgqHlyggBLiBfUCFKKghmkTl
821,nHTKCrsi6ABLszRJlXty,7AESb7310HQFLLOzrjdXe98ChaBafCngwP4abwDPzd13x
822,sDjAibXTRzYChRNsCdPh,xA8woY9r3gr8PGHZm1lHqJ3lbDtHK6sH6h8cYzvbAwLn6
823,Dc4rJPOMXjzTai5awELC,3EptNZS8ourjzRuazw6R6dAqvV8lV1HSlq5lNNw9kadBW
824,fi2CiGEJ88a9vjd06p7S,vDnc2UHHmc3u1x5uMIc4QRF6RbQBQv4iRvfNR8etfXbIs
825,gzzovnl4oHxHf63ejpNy,1J9BtpcGc8mKsgQ8UNxMXRW6jhOGO8CYGjN7cApDwCXx7
826,nfeY6BaL1NWZGvI0Kw1F,AvqolCaQJVQTpB3iBOCk1GOnqtOWlFISRQl8IbrVpguY1
827,Yd9dN5MGaRv5yqGm13i6,TmKN2OTtcijtBijJu4o3DYzBXgINDW4QJsBGIGOO6Q3xc
828,NMPqR4Q5fK2BinaRPu3z,LaT7Ad3XLGgxhKdq5ozPyhGzqFo9NGbngnWBgFbqysirP
829,osRDTOMQx7OxgTh7mAWT,m20kvyAFp9NotZhllY6aN07DAOxmfebKEM7sA7EXzXDbk
830,abq7pXYp1WenjG9uKJYp,bODYmd041mHFRKn4eqZQZAHCsG82qWIbZMdBV68BOwMAs
831,zhhpjZuvLvRr2r0SVsll,RvCwruzVS0rBJpwBsxbErFoX2gOkYvT2zeH6vFqGrBT6i
832,aObcmSRsbbMI89LTKBDX,MyyDGt3dNcSZ4km1kPjlqUAFmqHKfIxeiyj7H4w0zvYXK
833,ajLAK8SAffR2FmUa6vAC,bzpfz4UknGwmJeBgsvdTgBSEjs7DgcULLi7BUOuj9ASna
834,GPbueV6QQPPDYXwBfU1g,slCnikIleVg0nOYvEvUJrpveUCJHiN24k6fHIRPbMdE8S
835,UmdlY6o9kOGqNvYtCDjT,XALytD4ek5PNKr10HZC04te5dKXklWhjrMB76BXhBxceL
836,mNkeHM6CIbVkXh2rMlc1,TAUwj42Wyylke6ab2BeQER3WljS25R2V2F0Ee1B22LIY7
837,uplbpDQkRz8CmyF7RhJE,xwI97PTy2IvofAarvtE4PTeLwe0pefiNTbVBqT7MV3Lht
838,X8I17QrkiZqH4bDeESef,YDZNe1l4oEiYQ9Ir3vxx2kIcBAYLITQd6raLtNbYUnkdP
839,2iqm4KTjh9XfILLuDPqZ,Z185JOoijRJvMvcJGj39dUYgr9pLeF9mdD21W8H0nIiqX
840,SLLr71fbYCv8wef2dAJn,PVLBS0qC06ivdQIvM22sk5lUlHodwciFKIE86WUx6Hh99
841,Kt0gb7Dq4ES84L9F4nMB,JjvDWrVc7dPE6vQd0ZdNA9x54FUZOkRPRyfRByfpwN8BM
842,53GWCR6DFQHTSwk7QiEy,CE8zm1nk62IqoVlIWudyRjrMc3p3FnX9sS3luXITkScAm
843,N5DfqJZzoDrzXSY6i1bO,RLZJDSGma4jpJkMK1og8pIznuQm03SuyN0ZC1tHYF0jPp
844,JpNuyGGVZVRL5pUlkUQQ,T6a50ZqYgbgpMvW7mspf9zaENk5Nc7HR7M4kPGLzWtmsT
845,UMnSTN8HZasW1OWFfsq1,tuTFnCl62p4JalyTU8iEJ95nfcORsY8iupo1oNK7JsfSb
846,cEVQOp4E1R7bkohYmeqp,dSopykdn9lRARg54TNUFNFRcmOTgp1T168R5arpSpglVV
847,LLklo3gRZtLQMQnvIbIz,QaxJMn29ysJfpmrSEg4lalmWrpXEyC5wKJBu9m0O0Omne
848,xR3YRHQp7WssxryivUfo,QWi7tAtKm0Fc0YuvMFtL1fB8O0nuTLop4F8Ro9dZGrCPm
849,06I3WBYGTRx6gyZYCGiL,2mueLcGyag3rrwuhzeXeOloUS3i3MDMBZxCfw5rUOeClX
850,BG8zaue4JgwemTIvAhXn,hROlLTjUn0zV3FnCJxgrZWDOd8EthZRZ13V6bQjVotKPY
851,6KNPVk4VO6UTaSzQBjwU,DX4f4wpF6E07dxYllJmiWj1ApIlyI4ve5OkXu2uL7xPIq
852,8E5WFdfsUwnqGHFr6Dcg,af1wacZ26skBzz3aPjPnGEFAVBzMLUOQ6CCo0xzKbOXMd
853,oe3kIX1XxbJjihzP3ygj,nf3Ilg4unWnAhXvtQzF53OXZhd1pDQwMBSsEf5Y60OtVL
854,05JQ7O0qgRqtOlUscvt8,FgzkptHyQF4PjfWaF6I3ckhztbfVWszpwfn496tHbzzfv
855,kkR5in01CGh9a2DdTHYd,nueROxa7ViptykXb48qHn17TLLQUraKrxZliyIAx6wQff
856,bpAjm2Tz3eQMFRWkvslb,oDTwxQwK8vHLeOnd1eskqOzDipg8MZGWxZEkIbtOBM801
857,SfF1bdAmTNzPp1G3I3Vb,yLd0zoEpfW364vUQbU9Io5U92pSxzOBuJVWU5qajSOWh6
858,azGIJjtIrtfkEwngO8fF,9yhbmAnlIctwSY44PNLRWVtcALhncT1lTaoRcleLGEK9s
859,qVOOK6bbangTswsZG6Pm,jswfeMsUZQHGj4ZVRgVCdWxBhsFM7hnlvODLtDSwnVL2k
860,KZg13Kn9WkKwqUL3cn4m,HU6AwaPDBxNSxmzKuoLLHnYprXpXqCFBQpylhi3HsG0IN
861,gXpUGbDjqpGvuj3KQGMY,62fLkzuESCCNHAFby6mWiC4zJnGAuUoVmeOjCJaUodMgA
862,KCuyGqOrf3cXzPxgwBkb,rsu3sYELQV5gH9wvV0GDvkgaQSmtuIMzENM5OctYT38Yl
863,L8E3pD6TqSIt5RouuNZE,DZONIBbdxmZH46ZhPzqF8X7S7lqVjAc0R3Z7Sa865ljD7
864,VCazFrvv8wi6CrJ7CaXd,apE6mvGIgDQYmXtLNWmMHy6n6D5GIbdRGxurZzPQH6dl4
865,Oext0pl8mdTAxqqCvSvL,2HhhLHtYm2vQlWrKGoeS7IaXvzrhXSew5dqOQX4D4XTdg
866,dOTI69qdPJgiNszmGq6p,hndW2gYHBTmMhIQWlsxWUCgMdOWXOgsrFWlf1mJ6Dk0ew
867,EtVuKidHws5LUtImZowR,d08wKa4G3Wxxh8RxoG9EoV3BIZdl8QtVffD5mwLFBL3fN
868,rziV8tolp8TYk3kZld1Z,BP92aVMknpCicuAsvp0xh6xEmap1niWcHY09zAKrQVYsJ
869,nPzXlU1mZ052l6b0aTBM,MkkhipHt9Kug7fw5Prl72ZQcJ27VpMVCOkq4ImkAYAcr0
870,Zro0MMjz46XLsSnlbMYB,OvuMPmbGMMa4KgEOa70WKjCcVKTPIqnPqlX5xU0H6hlli
871,t98sw8tmfBsuV0wrDu8Q,9eGIt6fSX5GSO7TqLW0fKKsAkIHKMYSSisQgMkuoXo5sT
872,0TWTtJSW1UXF0twyOBKK,JqtDAgwxdIg5mLzz73GT7oh9bXM7IYC6Bj513qHwfWNG0
873,wWnFKVf2XtRSEecND82s,gxhPnyZXzBJRPEwVgkweYmydKjSyYYOOF3u5czZaSrGty
874,mlxy6KOaMwgjffBevq9s,WbnySfHB98HEfNHcHYFA7uLOhB0NmTeaqzD2kuVjI7eSX
875,guvW0zEuV7HqLO6OnXsM,1LJvQCiCyy3kY3A6Ysa08jLARsQLkGgoA9UIXtz23VJYc
876,Ld58Vju0MH9tKPiepoML,ABjr6IKSQNp1rR1yz8dnrNQOs6hg9QbACnlAeFee9nxWu
877,VOwupSsEdQ9ebMzyV1fq,WPi8PfjVBNxbOPlbfd7Oorj7pqHlw6KCtMRxue3Mu8jjX
878,I7Hguqy5NNHbjpbDqyr0,NhAFfOS7lqzHZHeGFCRtluVHHTZtAt0WCDDO31c9B18aO
879,gRhu1vw86TzS9SyO3ixl,1vDEGfmj893ASO0wBliljkIA9QApG1HelqfSLEAbNNBN8
880,dtAlDuslv6LPeBNvpoEG,ne8AquUuSl8qB2LWq2pTC1RZ0uIrDmGEQbZUNweKX7nz0
881,kyvdziOrLy6tJkSuVeFG,gc3QOBjNFO4u1DDFrn5cyXnH9vbLnalkG9R8yufPIQwAy
882,tUdHWroklWRTKngi4dv9,mmVn0sDN8MpnMaiwRhDbzscUsLlPRUVSiuB5PmSA4z7TX
883,4yyaVlXyVXMDty7lwRTq,q5afAxUsOHR1Uym4xEghw6wyavgHiXgWHnB1xuMorR3oI
884,RptW2qsfUV3BZk36WjQC,wyMld0pQ0Evew9TWQUIRktkXBfr5cihQnNMjIXqIzNm4M
885,Sqcmm2GPEqsXvKr15eau,2L98AZP7EpEGvpJkAgYJuRcU2JjiiPcgmavll5G4Oxyk9
886,jPkmL3szpN5WcW6IgVoj,M9vywp66PIad2eoBCzSR7TeadnK2he1W8lNcjnIVBhxzv
887,4AAYCBKTsrqlR12j23Hx,BE906GxvRmVxRZll00EOGATLGIeq3sxS05A7P4B0ZwUJ6
888,IOaEFQ4lvRysKnJIO6m7,QWw3VmbUzFDz53ff8w3xdwzVPmz3FsKtbjyMABbDocqYd
889,sJkkENUEuK2j4m9XKGsV,tFW452NViXgpxCt1KJRWdkpjKcHF4dq9oN5jRzM0ClXxl
890,X3KnLugwJ9IMm2qCZIx9,V35yGShRvxQ3tWLY6XmvZcAAVTrdNKKYjMm3vmhFAqHGl
891,4cz3a9fvmrk6cYJjHUnb,k35LE5Jzy09QNU42QDz4Bzm8wGbbLEmwT96FbX0CldEzg
892,55xJrvukM59f10QwWXi1,X3cXvLrCjL3BGq1PUpv9J937p93CdgOG1EplUCtePaKJe
893,yC2aKlWbctqRUQGkNKeb,mxaotyIkltUm3iKLC6YCycMRybuG1QnmxajYgIet69Zmq
894,UUBnLg1WtVz8qhEEvBUQ,RTQVm0Xr2BRTxY9yRrPFvZqmyhgnrOTEqd1cL8CZstw2O
895,qoTMQ4IcAkfDTpT9g5II,ygXu1J4m0qz9b7xBFgM9lemIiupgoVAZBzYxxADs6DKbX
896,aqq4MogEh9nY1ErlPVb0,rj93hxFCpGB6b4BcEgvveIAexKX2h6USK1UgYk9Fn7uv4
897,Htu9yL8NcwYwu9OII0Gk,dtLcvKjHruLP92Fn16fK9995rcOYJa8APNsVeBYUr0HSa
898,Fze2UivG0edZCWCcY4Qy,iTP5dWql0qaz6T90vMaWhAXzYbXgHB08cC1A2O2CbB7mP
899,1AzAIaIG2Uo8wIDvLBdd,CGdbWH4dqPyLIOdL6aBaWcsUPiMnARBbtB78Hl3him8oJ
900,lxQPFIpcbiHHCQJflCq8,XK4OC39L6yTnVY8MHKiHsOvwPOx9OOFzAzzqvw8IUPMFe
901,kFPHB7KedW6O0oOfCnl1,gO3Jzu9TmbuA3hr8lfT0L6w5aupUnbvemQ1rWnkzhh3Tu
902,4WXcbxgFeNxqpFIeGeb7,xFiTvTfr45sUPuUck90vrFD3xZm08f7cgecfayygaVAOc
903,23Mtt2FtRoZ5JKgchCKs,CTgdKSWalGOOhUApdZdQKXHKRfil9K4sx0atHJ5GB6aXy
904,zJVJI1eQTs0aer44cLeq,JkfhbCwQNgm6CSuD1JDaqDi5eJe50a5p0hRON2IYY8BZk
905,jHzqOCZzUg3BQDPGALxx,xBi5HHwedjVECG1BeEomv8SPsHlfUMrzUp2JZxvPwO76I
906,wsj9VIHto7PVpttzaKjj,BZdcofWyBzXuSSFW1QsMBnT6zshQjjrFVKS4RAWOjrObg
907,LrejA6ijbgTMlA0NmV6H,nqGyzkZI6N4YGKqXxDHz7TGavb7Sl1RBIe17Xj05gv6Xz
908,6rgMZsASY9kLEE9zt2Rb,qEF6ezC47Gny9JvCOJ0s7i52rHSX0WXFgJBNzHRohZ9Wc
909,PnqIJ45nXEqzOdGYuSDZ,PEv8sUXanfBPSAhL3IjAc12kgOdR1DDrhPDoHAaF4PySF
910,a5A3g2ehgmeWxipL8u3s,18VuvGJkovOWhIRrwDfSrxhdbVTKcmtWz4ZfQ8bH7uSr7
911,8153ETKcJK82ThXExTyT,FnNT0pLfH9RO2HmFwfS0r4akq0rshevlUHEE135xXofHt
912,WXS1cdb2tgtmTvMyauWy,7IkcZYtmda6REeqBcW3rmPiVvvgnJHnBNw4jVwf1gmGV1
913,YBZqHAMlIKKwZPYYPDGx,GxDgzr7WJVOTeUVxqjXTRA2aFfRZYwtJNHViRdawz9oQm
914,K6sxjeciJ63qWoheToFP,5adMvrp0ZepxTtayYvGgyXl95KlxEQaTFnfVKiX0U1QNW
915,D5qljgnRSd9iKhN7jxVG,TJ0bHTfBCIOSwbpsL3JTlLvY52VUl04EqsxdDv3PiwwQQ
916,afIxMjxFD5jsIif6e2dS,JE8K4R18JE5PbakV8ooSweRvNLTO2UThi0XXCtcesYl4m
917,43md9i0lMvzAyr4Fie4e,LKZnFcj2zHH03veRWakpZ8qnDMDkeC55Q14AANv9e2fRp
918,00pJmG7HEFi79GzuCZ0Z,sZuM777aUVffKHQhDQXpZIKn85dM0Ed8PysZaTX58XkIj
919,Az9aBfL9gOXMmlzBkF0N,YsEBxoJhQmHXZEToWjhYjSdAfAx7diBmgcIwy9L8fL314
920,vH23IkN7ZnM68ecdxaQt,h6jZUDghS46WsZHohKCPFzJ0Rr7Xb1n552zEZBEB4h0gq
921,gUv9pscr8VMzS4fx4mD3,lSAgX8zkndHcVPj9RnR8j6YfSk1El0vopJnzrHzSKGk9V
922,T2hrOPf601dVMoDHh36T,99q2AOfRArQhLW0LLTAxQ57Wz4a2tfy4Exx6twyWZD0e9
923,bxTbfVpBLNXulLDKyY2U,W0YOzDXOfEKlQXwIfA71RTSqwlhToguaAWM21DfbdUttD
924,FaTx93NEKnOwYTcn0rKo,43KVv7XBiHNsCn2XhMheb5wox0ZsXxrzLDVQGhseFl7d6
925,jnnWSrKCgj5mdcS3pI4f,R4aWB75aRF9iuMPNbo3jJP04eRvsP3pyB9PEgmuEYLUdn
926,ozeXOT9meYVFN81WA5Xg,VuRYoyjGMpRStjspb66wBMLBW5qCxNJS2PqTfyRdAXPel
927,Zo15WaCydpyySrIS7uDZ,8MO9iDGUrZO03I6XrDjivM7uQQ2oVB8khH9g2qp5qtITX
928,YPzGgzTIDn4wA9cSzxXr,WR0CMZa9K7njL7fOYGBgyM5Yc70zg0JmNEqvlitKCEgAa
929,Mm56uUdRiFu6XnXsZCPN,TqO4V4xomzFYteScuJvGHrzanNzuvzIs73JGlqru6dFyN
930,n0bpRkAxHd919ZpmoMCR,AqcohH7XFaoY4rXY5ruoRwGqVlz8DeCEAmrK377e3enGF
931,iEcpQ4bmaWHS4tUyvsnN,pc3HsqGDoEreBimCI9RfoBsrOsNMBQhuAWFQDeY0s5fGa
932,19Q0IcSPxEi70uoufHus,E1j6zaVMvgeJBcG9itTFuzhzA9tAq83k4376uKMAn6k7Z
933,7XvDeuYSOINQRc5C0Lah,dTxkVmseuRkIFWQaiafuJ2Tu4oLyljotl4zqeZQyhehX0
934,nmJgkdcbfrpsx7Fi1VYZ,OoWy2iLqfhIWlkdg9LnJTji1vKbHwNn1ZpX0H1Ui6kukJ
935,LU2E0RCZwGYm4yWN1iph,dvfQCdAlINY0koOMJKXfLEMkGAZkPTqMfJ72Q4da4jPAI
936,HcOrTWysd84oTZQ3zOLV,uMPjcEqYUqqPayG8QhbXlKeIcS0SCJslfLyxjUrzS3Wg0
937,0kKbQyu4Bps7YPgqqZjY,eKSYrW5RqiWHqBiA1HJ9YUl6fz9ZdsYyEEwUMDP8WcQWj
938,1s7zfL3WSWRH1pv4rjOp,WnhM14xOqx2DfUfH75xd8mzZBCeA0x9vOu3t7u2p0wfCy
939,QpFHeDu00vrAyYkmgyZt,CjZjlRS7kSZZqdJhsausknFh9R1cYH3nuk2JwnLzxWWni
940,M88hxiukAHPtG4NwRw5O,hsV6QqJBBdrECOphhSlQKOIbCjWUxZVtWmm1RhN5XVCin
941,Pc7CQ73mwDiVuZWZ8pC5,FGkKvsYkyeP13Mv6huHilxQ8Ox7vcbLsd50inobMPbvv2
942,JAX02NAGxZ9qtZAs8wxR,0i8FphLRqQBDih3XM0KpKbMiyk1FnDCif9Vzoh3hbJCXp
943,ZVo0B8cekOg2mh4BaJVQ,EtP09jEkHViSSwkrAToAHGJQJ1MW8gcBu7XqHn00ayYnf
944,ZlGTakv1fDqPxmFkgUVl,9rERJyuJbY8j38q1S6j5bH4QH9fSp2KwYfCCJ6WGwPefx
945,MUa39YKO5sUoBYegbQYg,GynzMmDzZAAgM2cGtpKQE1fXJhOd1Iwl5oA22os3AK4tu
946,sZpYbGBi4mDoiseMlHPS,NVqBSNvtBgczMCM5Znaxe0eH7DkwZhyDHoWUKPWaZQyxq
947,7NkG2K1vbvgaMGbBINd8,cyDqJQyay8FWKyXtaFKM02eqz3ytYlD73XDuyYpHIlhWM
948,zNYm8mfOYckD9ZfZGGS4,HWcItpM97C61heXBPSZ24ZF8XKS0w69N8ooLoi3xANiUj
949,IK173DbrMHq5Q9BMF7Py,NmEc707XaU35gZ7mQMqTphUbvBsewzsOPwecZiqDCuvpp
950,WZtoLAENhRUxsAVnCSxX,R1cqhpXPRaetXhP0nVPAJVc1cHBvHgOcwFHhqdyNzvipy
951,rOjag5AgoxczwkxSDLRa,OiUjCAyhbCOeOfhF12XKrfhdxeRC1MCXBIgWsBe0MLaih
952,0aSxkXKzq7ixoZdalewV,9fB2PGqozduidQ1fNRblk4TTFs3ejT8IfbmJEGv1M24e7
953,RtiagLKCWOa6D6BnZn9i,raRVZTUJzXb0zTHJ26xYeOCpHA8r86kuMsh2PAWf5M7fH
954,XqFtMhwr79s71AjUGYEF,JbX538cwny4hrDHjTu9ZKCsK65W9ALFjuN5uoAX6Cdyjz
955,57M5gUBERU2F1tFvlE2R,bALIPxZNKbKPivV6DUVsnXh0vzI0Clf5Eq7ZH2HBKeM8B
956,fiZbetTkRwAKT5YxFNC2,Ols5zGtcF9wqCk1GGcVq2qNvpeN8UCRRdX905s6go6xjV
957,cZ3v5A2qVUtrUOZt1OGS,AdIIYdv6hMp2iRIc28SJA4eIa3oIkjjHk94QZ5XGyAFDz
958,jCoW5M02pG6sz7m4brSS,NBj3vnzC2HLGn7YDAOOYqjxLUo6ItwYN225nPkn4u62iD
959,iZ8ezs0DpWv95BjyVeAx,494APwndfRT9eIImLQlQZ6PM7aSK9m6b8AT5FnVayr5Db
960,2KJVJ44C90fsVD7ahryJ,9PJvbYj9azeSEUVMRo6kbxpy2jyccFZaMKCTJkEqDhAcT
961,yjXOrQg4pG99Vf759wjv,Wt0mDc76N3g36xnYZa1SoQgKZh3DwTwU1vCpiIRN9RTvY
962,ptSgR4LxTtw5pnXSdcMl,mZz2qPbgeChiRO64EmbB5wUuAUIPPsgMV4O9g4AtessvH
963,Kycf6brqpNtt8Px38VEj,AlclBG7nxowDK5wsiLDaZBSDJprtd2MThejllsWiUg2Pr
964,U6iyKC56vCpcUbDpwDnH,jbPuiAg0md7YO4clF4xRHVSGHM04JMSVQKDvd4le7kZ4K
965,LLWQgnK4yJ7ZozVL9IdO,3K29xPcvRGjXKv3qk6In2uubFJKqEWQOYomwI1na4rkF4
966,lF6p7tsR7p4ZXQ3b3L94,bawW0fZH7PRFpdciC5pPL3o6GlFxlPievusw8o5vmuzeW
967,E1uZ5CINKmhBOcgGWjVX,fNiY6mdBbGCB7vxIxabkCc6gwHBaVZSQa8QEO180tKXnv
968,egFG32ZdeaCDfmjZTtAR,ntIFTCNkrZOGdpLuvwr5HoatqsY6qYJrwY2YMsMMlavtw
969,0Qtxqnkey7TDGDARmzyU,yNd4fubUxiBUBUccZT56FrqrYp7Pr9WjZbyIgaqjIQYFw
970,3SZS2sy85jjJiEKBBeYK,pupveCzD2VRBos5wlo7oL9lOnnSrGIRhoI3BLxoKAl3j5
971,PyLfLNUC32RlKLSDtT6Z,tNb0KcUl4OaMta7pVcrnJOAzrvV7L8RcdWGqnvGzQCcLR
972,MucWTRINqhyhckFc1TNv,XeYyrxVUBUHYopx1hnwvS6SKdblZCl89oVpFV5tno3mJg
973,MxHQGaQLqiZ7agS89bvT,gw9ohFGj2hL5mBYpocN2STUFOLLnUoZnzCk3CVZgJ9hBA
974,PslMQCfm04DKyMRv4TLS,gjZUkeUQXJgzrIw0fBr4C0saKdat4bqXqKItIgauywBPi
975,QpcWNIhCO0flvPQZXyzc,Jrqr4lgdHboUhnPgikcWBONHjB9UybaSqVLBk3taelo97
976,mmGa8qD2XZFW1Y3FIj29,tUnfG0L7fLeqA08dyLbQDnARwf8wQYeclQLfIFz1MCi8u
977,B232Q8Xcp15lKJIpWNSL,wGKUSXJHZtMwgFZ0ikFBBNs0FLtNpx3k7avAwpdr0mR5c
978,b6Dx07Df7DfvlTeG7zqu,Z5COpe1cycyPbCc0hgGWTbxwAXOQAXPif3CTq0FwQa3QH
979,o1BctGiR4GuFiz9ekeIv,7Vj0D2w9yvl7CjeoOKBhLEj5vY27uP2PssL8Ka49XTPbi
980,dBLR4hVnF583BzWWWOxZ,0zgWC2Y1lSiKqQ2RD1eHOysnDZScD65h8vEG9ORJbc7AR
981,lmvmBsnOhn9IYzG4HmD1,WUwtUs3a5mbW12wrWhRX1PkrCktZ26X6ZAfuyCQTHARLj
982,vF5hRZHDklrxkf5mBec7,0yYRrDmMHnZWmXlDRSPwrSk1ayLkNY6YzloyZLkgzG3E4
983,cVDJ9VjJvNyzXtOFJ1Me,JV56A5qsnooxXOUwCfvwMW5Qxy8Ihjlq53N5IJAy4UtWN
984,J8trfLTYiHQJMlPzocyO,0uL4T8Z7WVOfYIi7Qu6eQuszwqiMY9x3dMo2Cc6dqqgmL
985,x8Udt2ZCIhmcfe5zdBmw,8YEyDabzpNIiLz6Qd96qpQS7Q6gKpvRMy9mUKlJ7kDK0L
986,4GxiMqqIgx9nvgADxab8,Uo9oppbAURvwzQhRqTgoGVcEtC6EBbrtcEifnTtfU4j8C
987,EkemQMaU8qyxM96d6PxP,9eLYpIrYM3JrXdi16081v2BJJ3JS9giZpJXJpMYa0uI2u
988,M8BnzjF9q2PAc9dFfJy9,72iKeygUgHEWVrb7McnGYPGSSx5d9hW512NVEqLwZBBXQ
989,RkFpm8ZFrt850X2Bpvku,UeXb24KGC7MefVf7KXUTKW7oBkPr2DI14wtw3Jm5ug2Vm
990,vx9prQtJtmeuyTdwiQvE,dcISYKR4CnqHr5BdbOLNfTzEMKgcT7a29aFdWi4POvM3q
991,EW3koQyzdnvFCxlk9hf1,sHTas3SmGa9Cjg4jUgwJXvJe98BbiJQZTky5MUrn54r4N
992,SnIqO5f7sbIgB1lWXEgO,w8lqsmrN8dqEYkDQdG1iRnB0HgHaGIS12iOoPaYxymC3u
993,kUbDjy0fzIuBUwlVHjrL,kZOTL6vBJ9QpgzVyXps6nbJTDnEwp5njpVK7TtBa9wb4Z
994,TWiWA3o3D5qfsOVe3P9L,aELPLSiOZ1lv9U9Ikxih3mRy9G5S1yLnMAhXBuUAH4vJP
995,bmdiuKkhs9sEXWXvXKLY,Ax3zFp9UPtH3aao6QiEws2TVWTBQB9DWRlUAzj9HgaFW9
996,qGjEqkLYBBmKEzAvMc2B,GYBZSAtXlqidIdp0w8R6PxvsDL9NLk8WsO72N8RXfCzLd
997,4ZcAEfrvJEdHuZhc6pNY,YQ8b8NQv2g5zlsGqRSm0Mpt1KwrpVXUnXYBjsSefMJEsA
998,VFAhu7ZdyTBVcR7XMeJb,OwH0TfTcwsus778ErVyRYtSJqFsOtuXWVgMK8zPhAcnd8
999,s2wuVsHdhr7JDh2rlW92,lbu9FXXtYcD6f2OxB5aTaKCZpisxj00b7QAGlf5hbizvs
