id,firstName,lastName,birthDate
0,MT3mBcYl5fxZTqtGcfje,zDaev5NsknLCIHbISLm6,17-3-2001
1,U0zFfZdTt6Qd2Uyyp5bR,YLeDW8VjT34EMQqozVBD,23-11-2003
2,sx9d8V7swpDnUBXO8tTX,eZ6U1zbHjI95pTS35tVU,11-6-2002
3,XT6OA8p5St0HmXnuYHZk,kb4zX6gzxAT89DzlMOOW,5-4-2004
4,ipX0wFcu6d6YPgYSiGYu,OfAsFth08dCOOXElMqa9,27-10-2004
5,yE7mpiC0P5gYJuKyAqu7,qdqc5YcDcu5MEIhmDiLO,26-12-2005
6,kQqSki0eUyCaU9yvjK8d,gB4Y8w4RGArPdGwNsngx,7-6-2002
7,zzL1GE0Tx2dSoNBSg3Zy,0VWP9mnodWrx8eL6BMzT,15-3-2002
8,tw28ssNfrAV8Ytr3EOLI,dl0jLSKgo4WmTSyvUu69,11-1-2000
9,Xm26S9jz3YtKA3nqR38J,rSNK8fCcFmVt9nwnvQMX,1-9-2005
10,KIkpKytAvzYDnMJsHnqz,lm2GfyuaSlZsk5toXTJQ,20-9-2005
11,FoChfOPy3jw6vWMd6wMc,I69RmBGIFkGQxTea4lkx,1-3-2002
12,19c4nTcZCq8jeAylzdWX,kH4QQrSuHmTlnGujKAPI,27-9-2001
13,8kgtr00eQ7L7PqHNeJRX,VccBKV7w82ximYMrSAUs,7-12-2002
14,wpepWrRunK7VUuQcjT8F,8i4HrxbPrYaF3KDNl8D4,22-4-2003
15,YLpd3CEHPvgCr7MZafvB,GffcT8UJkpmwRFMS4mIa,6-10-2001
16,1hbjTgNoqMy4MbI6YdPs,GcYqPR7BDZFT2DPtLSYr,9-3-2004
17,qXTyzDmnas0688xaSLFk,9xIr3lKKiCsAMEDsHdwp,8-7-2002
18,my9vtf6ETzkthV4ZEbml,Emh4sBHfZgAanUqm2B1B,6-11-2004
19,nU5aW5Tde6bmNUbqnnEu,5lPy1hUtOuVgoHrJ3N7E,23-1-2003
20,qajflKlYBXHm9kOJszDM,dJshaNyRQgQywnmOZhJ4,12-11-2002
21,8JZWIJxp41uuzmy1JbGH,3UXftxcQhokzcVtLS1pG,4-11-2000
22,fz2FRyBUuS3rC3SZA1rp,RUsinm1gMOiVz1vLQLWI,12-10-2002
23,aVkM4VCWrL9sWlF5fKNB,V1zw228FQcsYVyAc8QIo,25-6-2004
24,rIyT634PfkECmmwTR4Zk,OnrNWCsGOfFzPpZIMbMy,18-1-2000
25,TxNs7kv2JUzP7XSLRz6I,51T8ahdNWBGoqg8foXhr,29-4-2001
26,0FQBMrl4B8uo2Li8VgWR,08GsGDOCSxinc6vpNSKc,18-7-2002
27,kNH8TwR0du5AhR6vtJvI,rP9EKwI2EhvSTf8Gkn4n,14-4-2003
28,eTl3kXv0FXtpgIHnTpvE,O18Rakxw11TDsaxXfzsE,22-10-2002
29,JlUhNtM1KP1Opj0wGbu6,fJOayegXa2GEDhWceiKD,25-6-2004
30,oMjWcor4TGNOwOPu0uoL,YvbtCq1wmKknqIIFpJrr,11-2-2004
31,lzQorE6OwETHyxzEZqty,qmpNNOebnVq76pZSy2Cm,26-4-2000
32,ABIPQ5oyzX3MU0Xeg1E6,JDMmPzy5N3i7I4atIGkV,12-4-2005
33,sNPrTANmV8RUpnBsdS8Q,5gElaiWDAD8IttDlSEkr,22-2-2004
34,3O92L40lL8LpVnqrHj6O,ZArUkDbwYbZols2TWa38,21-8-2003
35,hqBpK3RtiiHhsG1TpmYR,cP0m1yxTGJhPmm02RlET,9-1-2004
36,hB0RzqrHqQpBfjIdqUZG,ok5AQh8jj3hdrYZrIY4C,2-3-2001
37,SiV0l8XiK3NQO5QoTnxN,5QHnDKh5v3iS7OKZ4UsD,9-11-2001
38,jjzEKQIf3JjMHlj21jxy,O00tAqRkHsjKYtnCgEfO,6-1-2002
39,fHBJ2Zag2H1TEDHcD7GQ,YtbOZcPFGcVsegMrp1r6,5-2-2002
40,e6tyeC44tXRoSJqL6dw2,gD6ykkThJAsCkEVZkvkO,8-5-2001
41,u2kA9L0mA40wbvm4lXGD,ixslxaGIwRX4GeiJHpef,3-7-2001
42,hGFE9fJckzT4tl5ZQbEj,DCiXO6xQELMkqBTpDEIk,20-11-2003
43,a9blEQwJ4ZukhZFykhuG,3oY5w7037a6jH8D18cvJ,29-8-2002
44,3bmg4h3Rjv8OIaagWHHz,dVyZgAvxYojwiuJ6BFcN,3-8-2003
45,cYlgko9JttD2gborirrc,UnXjEnGYNWeCHWQtlFeL,16-8-2004
46,7RDiPQTMqYKcL7XOstj2,F4ah7c0DQo7juHrhUJuH,13-8-2001
47,J2Ff0B9sjMPUScxjqVv1,Gr62AFAoc127KJzl5NWq,26-12-2005
48,lBPhl2nTzAcuIECwT5ma,hSpeOIlC62xTCfJIYvtM,16-3-2003
49,JWlK1ivEHyCxUC0HLwbL,ZcIVO9eE9XXmvkolLkGR,6-6-2002
50,0PPhVDf5lRFDMyPMtLwZ,o7xwDflw40oNorW3yhlj,19-4-2005
51,ywc4KC3T5zhX1hUDMppH,0wuddT6AmL5q0mdlAONJ,25-12-2000
52,PuFDbMDmXazDf6StSzlB,yIYb0ryJjXbMkmBmh3CM,10-6-2002
53,bnP1V02vF23EAPp5Gnqu,FzejFdtFbF7gi1Uvpxoq,22-12-2005
54,viEqnz12qqPyN7fgikAX,8e35OID7bpco4NVXUzRD,2-2-2002
55,7nmm9BkgizRdRCGwLyzv,b5KIJDpg3bCxKhdPdMWQ,1-10-2002
56,Qrp2K2bGUJvuWFrQJujt,rfDcovCrAZyTg4sWV5Ol,19-11-2002
57,ViSrwatNBmxQAD0USsXo,P4VNuSPbWKDqbQ58LNGr,4-3-2001
58,RCmZvgjD4eIgLqtVrdd4,h7yz2cde6HnNNZ6Dl9NY,17-7-2005
59,r4rw9I3nANnWMSIuwUpk,AdhZ21lu010bMHQJZtFJ,22-4-2002
60,3dQ5TXRTMd4kNvZrEJQT,lPTHtIqMTu8EO8KuR874,17-5-2000
61,xZqyBcS0wCWURaEuhfmo,cecVauTLhOd2kGjMxxIC,26-8-2004
62,gioYo0s8CndDUuxOfmKx,jOfO549bA9BWWybeVmLg,2-2-2000
63,98enMMpHA0lcdp6OeDYz,V2OQeo746rp2lTQy4lLW,25-12-2003
64,KZVTIw6b2EHdWhuP6qI2,01Lwn0pY2Cij9uM9lxnt,5-5-2002
65,k5IuoVrA7pYBmZWp8ehK,iwZ4R8KunZERi94kt4vb,11-2-2001
66,L7LQgnEk8aBOyMZSsCHZ,INxfG9y0vjFKYuoGe8pT,17-8-2002
67,PzTbqJWvT3pM6gFvJgnx,L2UYj1ljqoF1Z8nR4Frk,21-10-2004
68,JLnNTNPrUsFqfFkhheAK,43XCC0TvfqK6efPFAcPl,11-9-2002
69,Eag7Mik30c3bcEfTbDf9,AwLOA6bN3v41rNooXjoy,21-5-2001
70,hnBYNli4672KG7VjmKyj,DW2IbFKCzBDaRhg3gjTT,4-4-2004
71,SsjZCbw9HHLyvmT39CIL,DeXHNbewIQ0DgiHoBDoc,15-7-2005
72,HcHJukr0NRP8fcD5fl2b,tsbBUDc9ECPXKf7DxAMH,24-2-2005
73,JuMY47ZMVnTZInXKfU9N,IkAbhnBPn3Gtq3YUBpjw,3-5-2000
74,WPIjx2XeUklIUdxE3uFN,jUoKBMQ8lUMwGg7G1115,25-2-2000
75,tTtUVjctb3jJSaXVz4UZ,odRkezd7wlWPq0FdWRRR,21-3-2005
76,9Y0tU9F1eMwVBtLFmA2T,nA2jdGWmo8BmYoTO4qgm,6-12-2002
77,et0zZMHP31ykBhQFAwiH,lHdvZtuTTjMm1WDFUA2L,20-6-2003
78,DV9QCjZzLRbdUCKfTKbw,HQpDPnRLK1gKTHDtrI3f,4-3-2003
79,UhZJgt4gHiEEmTooLhut,4rVfLHXYuSvdFvyF100b,29-7-2003
80,Q4czub7AtEzdgwb9H4zd,FG5BPB75VfUKTYqIl2hi,25-3-2003
81,YruRAutnUfS83gsY3S2R,zC1469GIqpSPe0ToxAx7,9-7-2001
82,nYrAXb0XmViXtdg7IORj,0ZsXhObdpfUKkDF2gEfP,15-8-2003
83,0eSsRA4dfmoVWpf09ptt,oyXGj6NyiQAMQZrLFDip,26-11-2005
84,s1PrYZTJQJKWT5eOQssp,acVa8LkB9VBJiJiSF7Ly,17-10-2000
85,KZde9qKg1sRHRa6jlMdl,Fr4ayg1t9gsCGMpeIVXX,23-9-2004
86,eTQga68nTwVGVOP8WG7k,WE5lxRrbXhOOhH2LyuJZ,2-2-2003
87,1D1CR5wXp5XCDb08ho9Q,b9tu0qixStpck4LzIGWC,15-2-2003
88,MRIDGhLezWeeF4nEooWL,goJZCzwfCqihElffDvK7,8-7-2002
89,iJQONwEnGxsptYrkxWB2,9nUG3jLHdvoM9zxzhskt,15-9-2005
90,f8FUQmtC65P3BxN4VrN2,yRk15vcUGi7ONnI1sjCF,9-7-2002
91,qEhTT11lFWTbppxu0K7D,oOGRuHKzE6KnszGhLH9w,14-1-2002
92,RSHa95rxUEJCtFF2Z1Hi,skteKbcmON0CpXQb67Hc,29-7-2005
93,JvICTPkY2BBVK5U2UCmX,MYlhXN3lGC12ljdt1kDx,27-9-2000
94,nvdr8vh9rCpeqg4IVXta,hng8qaENQQJIn6Bhr2bp,9-6-2001
95,kn60VqyuzHajmBqGLRQb,FjOGwUumFjwlOzWcABSs,5-8-2003
96,juvz0nPTGD7BUewip9sw,oJ076QuATm36MJD6vIRd,1-7-2001
97,3Y1lKi0n7Vdyjhh7Vclg,veKeNVzf6EQqZ1uEOBDT,15-10-2000
98,224xgfHRw9fXlpYyQhgl,gyUmAYZbYUVciyi15GLs,12-12-2001
99,Gr6gay5AsgXMC0Hx9GS1,oxomxU2PM6lFCI1OgeFO,11-7-2005
100,JhpEoAHg6G9dJDR639nj,dKTM4Mx0LnXjoUrdJ9H8,5-12-2000
101,4V38mew3chzWK8cZVPP8,rFRPzo5KzRGQBCEATTEE,27-3-2003
102,ocueXe5g3ElhjrLnZwZ8,9g8YT6EGGAlgsNf2tYfE,27-2-2005
103,IJVASjMoTjN2WRXGjmVN,yEyaKDbiZ0OLKv5RuIDG,19-10-2001
104,fta9mcz1VImCdG4dK4Ud,XQudz304RVy2F77HmIwe,7-6-2002
105,drvcykBGkqdtzdAkhPtg,OqMFTzSG2PjwUbxGvWz5,28-8-2004
106,0wJsydXijBfc1DnU3Ose,738d1vbxOzQE8A1WcOSA,7-3-2004
107,Ep1DkgjuafnviGVeSNff,RID8vpTpc9qyx59omQtH,6-9-2002
108,byf4TSOAruIFJwpsgwK0,gp9IN5EnS3V4jPu4HeX6,16-6-2000
109,9cNVAmU4Me1kuSnbM2sf,H52NASnSAczif6aCoS0t,29-7-2003
110,QacDDFntlvtBVMoSOwNI,GFIC52sSFSUzSi7lEE4A,7-7-2002
111,F4xcZVPDpIeAqFitLXfD,H2s8UPrnQ1K1nMj8spoJ,8-8-2002
112,xDGOzU4ycm47poESW54e,SNNmd5Vu5ak0x4Tz6XVu,6-6-2000
113,5tAmwuBAJaCmfobUq1iI,IRusJweH7sn4vHVzhj1E,28-11-2001
114,uoWVeXiLd6yvEkDXgCtr,wal79L6TatNmTO3xR1Qv,2-12-2000
115,VhKjlP94Qvo0gomMoX7K,4tcj30oyJiNOSeMSg0kN,25-3-2004
116,yOMjjgJqLtobxSxzkruj,DW5tRraUGs6rkxtZUdN0,21-5-2005
117,HBcqloZxewZjl7BOfpgV,N9moabqS0Vc1as6otxCP,23-9-2004
118,1rvy8fpz11qXWMV8jcFz,YWOv90xB8kNyI0xl7okl,5-4-2003
119,Y6fNxldBmgCly463Ei0H,wDE7Fe01s110VXfSgaIY,7-6-2003
120,qxHbl99j4FJxMjXCfFp3,qzjM6OpfyuUfWEaW609F,13-6-2001
121,fgC0QbmsGsIEJIRoFy2r,gQvrFC6lLZNaDcmURxQi,22-4-2004
122,YeiEcpMfdA2g1n3TfS1B,2VptpPSY9YB11rSHBl37,26-5-2005
123,varbgmHKenz19oA3GhAb,mnNhG5X77QJQ90ViD6n4,15-5-2000
124,wETbq108afH7Pv8tWdth,Lm3ddDnP4Nkm7DydT1gk,18-2-2005
125,GGp3W7o96rkYNyZcVWaZ,vL2FOmtn1vVqyjdSBigv,2-11-2005
126,zf3b5hi4zUQJG0wMQ4Ug,3qnkRVXnBQwsmesFcrKD,10-7-2000
127,vhY6I2hOk5hY3tC6ixZa,9XbWmdV3xTQxB6vh5Nb6,1-3-2001
128,1O7BMeaiRHz50LH6pdWQ,2N2hsjzscGbti4Cg2N7Y,4-6-2002
129,ywGEpy0EDHvIoBrQqfL0,aAQ0MSGXuRFd6cZGa84K,21-1-2003
130,atG6s5cQ1D9uxLpIE9Cr,dUOQvWXpfTkriCKx7SPE,3-10-2005
131,0G7exZSc03VRH3VKU4M6,c7ZAC4pw5MtIfyoSxLjD,6-7-2001
132,QaSvwlC6PmqLcgyQ9ayv,zhGXyagHvOivrHPBnuyp,8-10-2003
133,bu8Xic0vjsdxuyLGOGks,UFYmicsJ1ZlTAOsiTAos,4-1-2002
134,EnNsBSfYzlL58BPnHldO,xDVEl5GXjJammWUvi1Me,3-4-2005
135,AZu3xVT3vT2gHMWtE4Qc,NVD2EC5FYLLYgEio6Pcb,9-5-2002
136,ya22Cw2eFo7VdHIqil03,vEh3Ygwz1MZAZtYmK2Fh,9-2-2000
137,gotCOrIzpZETyGmicShZ,nYFPVpsTBPkb2SSk0H7r,1-6-2005
138,YrC5DvbWTpGmVbUPDR85,aJeh3b607MEyi0k7nZIE,15-8-2003
139,mfTOPSfau0UIh2Q5rYHw,zEsCkx07CIJz6IIRQnLT,19-1-2002
140,f5aKiuB7R154WUliunMT,pJyxxl93zgzfnr8Rgg4L,22-5-2000
141,0AbB4puM1XFCUsccZXNV,ka8byFbjWnoNlMVpJHKG,21-7-2001
142,20FNLZyBfv4S2R47hc5n,F6Ir0BlGVZxoNseg0v4D,12-4-2004
143,uU8yBzqEZQgYOAepRG98,D1t8CKTG2kDC7ELIWVz2,9-12-2002
144,8Q0Wqwjv3x5RRM2Trkqa,di1vsoIOKvcFA9ra0SeQ,7-10-2000
145,g9wO7qiQ4b9LQaFUHnS4,vjcOuOPTPaEO8wQx3ccl,11-9-2003
146,7cwQnjv18GvPSfOVgGM7,iJMJzG5jqvsp6vynGTp8,15-6-2001
147,0dkX4JyRlOyH9TAGvSXf,vnMZ3B0cj1fFqaSg8fmK,11-4-2000
148,a9tlARdWWqxISNjNO2rg,rKlmOAID1M1MfhnObAPw,25-4-2001
149,FOxsjqgcvbXyQsOJ7yrJ,LInl5fnnd7nr3ASTac30,14-12-2004
150,bEMlvfQ0IvCaE1EWINC5,ObSOK5L1BTRaxiXGvg8C,2-3-2004
151,kKIz8WDZU7JiEkCbymwg,uR5Sy1Yo6MCPUhJgBPk9,9-5-2001
152,sFNHDUX8ytEXNomzXABP,t3f9d3P9qnlbPEwZwHLf,8-11-2002
153,GJozzBxmUReCIiqdGH6R,aDmvsJddttB9KD35DP2l,24-8-2000
154,fqS8bWLhuQG561Bg10uq,dAJ9WYs2bkHm4XH8mjPH,23-6-2003
155,cG3bmyh65kIa8qcY6LXy,MWt66ULCA1n7OptbWzGk,3-3-2004
156,F8ztQySdmwsMY6v504T2,GnEkcvAlx4Qym0LT7HxG,15-12-2000
157,Zxup0K1jEsPmahK9gYba,jokZxZwc0InmySzrCXBm,1-8-2002
158,028m1VPK11Lfe68QcXCd,OXuwVPWKGT2acI1geCuG,14-10-2001
159,fK8n2FPF1Pg8foZcdSLb,ohg3pFmvX7kc7S7brARm,22-11-2000
160,6DXJSvqWn9YqEStb5GHi,PTQZISmiKAkiLLHKTzcx,4-6-2003
161,smD3rlHJJvSYH1tikhWr,kFTG9yHk0u5XJRgZSBQr,25-11-2002
162,GBJGj1O9rhF2PNhTGPVt,ir7B4U7FtkVu8yco4QO9,4-8-2001
163,e8LVt0xACPN29XGqtZT0,8nN4cVQz8KmoIGIuKtef,9-8-2005
164,zeegTizWMuxy19fkSJ6V,2oiQkZ3mxThw3Dlahibg,15-2-2005
165,g9SxrTSfLFkxXpvuwhwl,KUvizeGRxv5x2yEMqsei,16-12-2003
166,bEgQl9rQjr1p5crydigc,NiTeJSyLekJmBMdXJmxy,22-11-2003
167,lRIZ0fH1pGGuAjNhf9d9,ak2rmht5CVOiR0LBv6Wr,10-12-2002
168,LHTfrcmwMGhUVXCDa3aa,CzIMggHKE70VKNUZVVk9,22-7-2005
169,fgSdhIK2VNwLMLWuGqR5,PH948ybjtP05CkqwV6oN,20-11-2002
170,lwROqbI8Iv21tgnUuXRg,eygAToffIVRHvNnafXRp,29-5-2001
171,766o0bZj6AgqEnCf4ggB,OLZ4prfRNDktiIwwb6Dt,1-4-2001
172,TG2JWGImJDa3RtvzxgzS,mQayGjeyepex4udSme5X,7-9-2000
173,dW7SImzNXxaEjoTOf36x,RVhvzkkbciH9V2rYFvHn,1-10-2003
174,g9UojuchX1GmWbVXaXie,nG9g8eDP6ukScz6wbAVQ,3-6-2004
175,MS2XWNyT3yhx4HGhnb0I,MiTRu4lYTpy9Kd578QXU,7-2-2004
176,OCjg9YIXy3ifys7siWEp,H626cR6G8Nh4fHXbw4WR,24-12-2001
177,zs5wMrRr0RXsL5UB3sq2,AC5vAL7DYJcNfqQj69id,1-7-2003
178,86KkfjwIcuV8UgEk4kLR,k8gjAZ042owEKtDaDvFW,13-2-2000
179,QasBcc8uK74mac2f8vjw,fjMAS0DLIwyQCR8t3pus,8-12-2001
180,j81yrRWx8MwJOEjXTIPx,rtPZBULu3vq70wRyOGac,23-2-2004
181,BhuRRyvhHd7VFQ7Ls8e3,8cTJpd6RtOrGj5OHhR20,27-6-2000
182,o7DJ4ICFUFza63ZoNL3S,2iiSTYxwnGM6wqwoYXTE,14-5-2003
183,tDsg7Jrl48lbfuUtwI8c,fDMtAk2OPbZxnL2PvC7x,22-2-2005
184,lshRD89EpyaXhXN5p2jb,xb33JPj0Ly8nrQPT24LM,2-2-2004
185,gLOuqIUjaG5oOTTUMM1S,KzudFSETAghBVqkcPws5,27-4-2001
186,l2QnupcdcDs7dvl8E4BX,CcV7TL4kQadTIXoRtqnk,9-8-2003
187,C8AMBkMo962B5HzAhFyu,R3nnQeKdfXJlCzkU1PLl,11-10-2004
188,qDqKBDXqMO2CnrgzKgit,dQhSvznjJcT3BnYTzD1V,15-12-2003
189,FpqoXNX0FSNg5g6QTj1V,ZPkqHRvJNAfRKF5VbNBq,23-12-2002
190,5OEtrafDxLvI2oR6VGFR,ZMv1PiIEzoQkYxhc5AM9,20-9-2004
191,eWeeune9YNreEa7MKvp3,AtE798MHqvbDPdXca9cD,29-6-2003
192,uWPH1S7HLTMw2m3SLx3b,0nBTDcNjzgXkW9TsAzVY,27-6-2005
193,Yd4iRIVzJNUfqupqtqPE,XRweOmIAwgllExFQBE27,21-11-2003
194,CBGJj1msPph2iimAhUQu,UuQbhrxokB5RkekMKJMV,23-10-2004
195,NP0lcc2K7MXX0uztyN7p,VVzv6hNYsuA16kBBxE4P,5-6-2002
196,nX2LtmI0ZbPuLS2bKzUf,qvhSopwD2IDTPqpvioQG,29-2-2000
197,wvjXnFmC4CXlLzcHDQQw,NLvNvMNGIL7WnsoTXmYP,15-7-2003
198,Q20ET8hdjCVNdSmRiSWf,IQFEjBZVCaSTuoaejzUB,9-6-2005
199,eaEu5C21rAhC9krNDhY2,UyI9BtTgacK2UrUqAdVA,27-7-2001
200,zPb8Rca0TcdN7CjXxbCX,5voUqowM6yCTyWhx2zp4,5-5-2003
201,asUVmsGwFVPMlDKqqusS,e2dbZhuwjnvbYXGe3CiR,14-2-2002
202,oHmGqlbIV4PkIcFDip8J,PZ0DkRwKHx0ZxWWv7J8p,19-11-2001
203,0xmDad6MSt1LyrTo087e,oa2QjeeRIIeauKQ33JjG,1-6-2000
204,rFGRsWCfmAoVyUsH9XkN,neEHtSZwd7PVIRm5ZDab,5-10-2001
205,u5wHvv4ExxpnaNFVXTPD,H18Nd3kv3rYYQjBWgK5b,4-12-2003
206,9bdvtheVwGGJFfMdUUJq,3NuOhyLNejsMK4f7KApB,24-3-2005
207,KqovufEFchnhHujMzbQk,GPFhCbwFEUvE3XE1GpB9,10-6-2003
208,U25Qn9roKw6ydNkqwmrh,teBA0hBWc5HCWqEBFWII,25-8-2003
209,9tWfqMGuG3g1GYeU8mkl,YC3abFIurANGCIeZYyFH,2-2-2001
210,9kOqJ3ZrfpByYYZD8XSQ,lwxi3l3lEcJEmP4C6H3m,17-11-2004
211,tqQ6cnKzEZrHXyDhuBdB,nxkk90B2vgf8JDfNjRv1,29-7-2003
212,cX985zbMMI8wTfc2zxZc,6rqdgxYApMPexth9U4Ix,6-6-2004
213,JZR4ppBHKmEaEAZZriEX,FigY5oIwHdYJyAwdLe0z,27-8-2003
214,xnfO0WfxLLHkhVAjEwBO,S6hJ8oQMpYsohdxYZqBj,14-12-2003
215,AHCYM7Tykt1pu4nE63GG,ebFjY7ergz1OFXbjBH3g,13-2-2000
216,KmeQjJglc1BwvOs8qz5W,84N0KxMju32IEGJpyDoI,16-9-2005
217,2uEHfhqgxcqgfpWpNBT9,R7cXyj8Yy6EVC98rxK9r,16-8-2000
218,7IcfIjIS3zkmkr8WLEHg,0fQZfdrn2kLKviBEMDbE,18-2-2005
219,x2b1QgFFOFFFfkds1evZ,gMNCSuLKzXzaNCdIrHkr,3-8-2002
220,IitKabXPc0GRw0PpGg6a,3gQvZ43XQ54C2bS41Dp1,27-11-2000
221,bl30f8nevm7y73O5hz7L,vrc7smmOxb8Ddjhc6gNB,5-12-2002
222,LV9l5wMCFcptxuiSpwae,pWgFn0oeAf67gmcngLNA,12-7-2001
223,OTw9M0WiLIJQq2xT8ZpO,u15ehw2UcSZ72PSPaL12,5-12-2001
224,OQ9uyr9w2zDmjQX6OsbZ,hne2CUcRifSZiSrnrB6X,4-2-2001
225,LJ9P6jXsBMioDh201UMv,9bEssi8tGACkjpkRDEqA,25-7-2004
226,mmSzJdQ6IOGjSmryBoXY,Is5d57vAGoE7cdj7wSOC,18-4-2004
227,JoffkVhTb1X4dTN2hwlm,MDt17HYfaR382Il3wPOC,6-3-2002
228,qTAcr3vGfdZSBaphQy7e,o5fsUXsZ6AgPXV4wBgx8,15-8-2001
229,92rLaVWnzYh4Duk1lkPc,5f2gZyVfT7i2QVcCyM8d,15-3-2002
230,s6jC39chySL9joiEpyEM,u45USwsVU1iKTG0kzlGj,27-6-2002
231,TkFSE2OiCkGwkcjdT8TQ,6cem8i0fgrqJqksPQfN7,12-9-2005
232,8TRtvUKtFjKTe9kEaVfR,drGrOoC30w0m3aQs6OSa,6-1-2005
233,gkoMqrsHmIjk5mFr2rAX,asbTNzYURk9kK0x7KPi5,24-1-2005
234,ixxuQGNShy09P7A7iGWx,pQwFvLDpIZ5v0u3Vaxsw,23-9-2005
235,BtpncYYQw5M1Rah13CGw,Ic0Bz1fBIk65Pzbzckx2,16-8-2002
236,tEzrbsiv9uWiogZXTyz4,dzy2CqRalNt6Apfpnoxr,23-10-2001
237,0lPfRH3BIWabUsSY2xgj,mwW9E6Og8MGMLY3nENcQ,13-4-2000
238,V93fxa4kb6RimPdRH1u2,yKsOqspQAbiMskwuRQUG,4-4-2000
239,PzOO2hAlgVyCBS06OOdI,uTrVq0BB3ZFPaaIGxqZi,25-1-2002
240,TknC0b5psO14bHz2moFI,TEcWLEQ90PYiqEd1WOjT,3-9-2002
241,zJ2ljSLPESz8fJVQZV8I,e1jQSdgVeT83wLLwHxKt,5-2-2002
242,aPuLrIe1KTlblBDX0T5n,7ONbCPPrXf4zVTuJKGPg,19-9-2002
243,GDBzbzFoIxySeNLCNob6,vjiESqmyBVTDM8OH6Nlv,16-8-2005
244,xA5zwsRfdr0n0RbWb96u,t8abvUdyPZtl5H6VxOnR,28-2-2003
245,xmKvtRzDDS6tnm1id60h,264giLusrsJzkBKg36wi,19-8-2004
246,8KSdvJG05Hkhm7vesB6k,GW5xs2SdWnMeW1ZiLPk4,17-6-2001
247,v5KT85BFXB0APaBh9Cwc,SraBsLO3hMiGyyqM4Jfk,1-3-2004
248,bME7aGpfz0NPucjNDnz7,Pz3WYC1VOnV88N1NSp8d,18-2-2004
249,UTgFm7Jqq9CSdDa1nU87,Thp8nVipwtFLkDsZ2Isd,11-3-2000
250,E3aa8D41QGQK1PdDOW9J,DaX2vq722XmY6k4cCmQw,5-4-2000
251,4jGKnqGBThymI9tOmxCA,yeFtwXNs3sUgKtBRL0ZC,17-12-2002
252,vH7oZa6d73PoW1nLhQXm,jD8a5R4McX8DaV5ylkMr,23-10-2004
253,LcnSXOgB8NypFmSdDA3p,JvGZpmn67usP6Z9FHm3G,6-7-2003
254,Lhp6hOh7r83DpZWYYBWP,jcgBctyGLOroJYwm6T7j,26-9-2000
255,BaQjYtMTXAKMDJVmjmGz,3OVCBNHxYyHmtQAGe3Bd,2-10-2004
256,tcOmJ8mCFcAzklEc5tSk,MmlYelQ7EzOWUrT7jYUW,12-8-2003
257,TcFOgDhfBO0DIuI50mMc,ylyHB5tFjfc7G6bvhqsT,18-5-2005
258,yR0ewNJjq9S6EK1SVZfS,67z6t4MzbheF5oDpWSG5,19-6-2000
259,jitxwPGPipB9jxP5LQzO,Ix5n8nO851q6awQx9wuG,4-5-2002
260,FBASKzu68VjraH24AIHQ,4PRAh5jB0k7h1Jeznm7e,21-9-2000
261,OnESXxRUOEtkQyih3YtW,NSLgUB6iCrHlOCZHIDAF,6-11-2004
262,0claqEIhLQJxvICtex7u,voigjqbeUo0Cn0QN51fp,11-8-2001
263,IWxZNWkCL7BVnSbwZilD,VkmRcfrFFAJh1VMEzcQP,2-1-2001
264,Ov3PPw5ZWFOaWrfrE1Ma,NITVJ2oPSzN5yeXbTaMd,4-6-2001
265,UYJmAARQaktJkQYg4CwT,fyuCB5qacSQiGoV33Enf,25-12-2000
266,xLIQhmmb7XTdYeItn0Yi,SpfXxk7pOYDnlnP5SuMA,27-10-2001
267,fKMDweztxZ6utwKo1FWv,Vcn2DIBXq2ic8TQJ21Nx,27-4-2005
268,davA3Yds9hcL0swBd3o3,fy5VKH0zSlN2lWv0auJl,19-5-2001
269,yspKxqEve6RPZHQoluWC,ERhnCFLEK1TxRmAXEm7C,8-1-2005
270,wMAlpKnddEGivTncdaYm,PZ4ioHAEV1pwurgO6Mx7,25-10-2000
271,bFuZ80GnhvzXDAnOarkJ,U5Df0EAcMKKqQTR7DS7W,27-9-2002
272,yH0MNXQpIdMwhXiMLAOc,DiUBrWnJi9EupJEvMmgC,22-1-2002
273,8Q2eBIUU8Q3SEpVsVN1D,ELHqfAErNucExzybkcfi,15-6-2003
274,b8a5dtFdeRVqCWEoiLut,etaXRYXGJ5ermNFocjEr,1-4-2005
275,2QSCGsPH22f8hZW6R1Mr,IQOWwUoe1wnABTLbupti,8-5-2003
276,mg93qZrhvWMe5MasoVYP,qQpj3kFeX94Sc0txUdKE,24-11-2003
277,KQVC18M6ZvcE92ijvAjn,1xIDpaAGjGyn6Er8Rlqw,14-8-2003
278,iXJrPgtWsq4myolwHB8M,aFBvbfDvwRydXnLhKk8u,13-9-2001
279,Mz9JpBlUWu4QgVA94x2S,p1EiuAKmJIBXumV7u3ji,3-1-2004
280,isyUjfb63HUd43S2qs4X,EYAUeyApUNTOOEabjUp0,28-2-2005
281,zQVjQzM0xs8eJxUN1vaG,yRNUKm1LhjZdJB0dqh48,8-1-2000
282,F8hVvUXe4CHBBJ2ox5aK,jwd3q1dglaltWtqsrdkN,3-10-2005
283,01P00sRI5LuYdPaBaKk6,YgQszCwtIuBYB6CKfpZR,7-11-2002
284,ccJRvpDVaHz5u9CzbXEq,KwHpA6CWslEtExuaajNu,18-4-2003
285,1hZZwO2A1lPzvJjYq98W,loZigGBNi0uZ0hErBzrJ,20-8-2005
286,TMnTrz72YPm2ouNuzMJW,RyHBGPwE7VvDhwoP1YoH,2-5-2002
287,JmtutMzVlSeBX4xy5ijd,65QWTEAONvhzR0qxoZdK,3-3-2005
288,HJWR9cYtvcqnWeOdJfSj,vN5elncFg3CqWMuycUA9,21-3-2004
289,C8cssPGIPbp16EGPwZAU,isMnX1fyrc4KBLneWDfQ,3-3-2001
290,8E0hVghKR0FRqNqeMb5i,2JNkb3mglK6v2ArjgPLh,1-1-2001
291,njwpxqNXw8gbzOqUUM6w,GwIyTDVYOvrZlX4xJlWD,20-9-2004
292,Q5v3LbeSWfamwAkm7269,WGejhm5vSJhpg3P2shmd,5-6-2002
293,Q66d3vs5ZfBSmkMaNsKu,7AnvBnquz0N73eAOCfAL,27-6-2004
294,MNavmaRs4ojqYDo82XVj,ahLx9s6MRDAAs3O2iULU,24-9-2000
295,xbEcf0onDWmd4ojthtAS,lJfW1tUOibJ897LToZ7M,29-4-2005
296,wJftKEi9DrF74D3bB5VG,At2ub1PFCD47RY7UvKg9,13-3-2001
297,n9EU680Azdd8C30gshjN,xmOTIcaeV5ls8c0rEQhj,26-6-2000
298,r7tulEuRJhIw48ysHrUu,fsql9PH0hNjnnOmgBi25,8-4-2003
299,mTZeqLVBPLVZZDSg3cpd,RJZwye1wRtw5TLCSTXMp,7-3-2005
300,RnOtBaNYz1MrTaasqJE8,hwjcTXFGy5eJdRiK9xO2,23-1-2003
301,UXlsmPjTcP8Z56EKKIfj,tDntjAVquk3xVzxkCKRF,4-3-2000
302,pRwRQvJsmsHWItLXlYw5,lRgU2Udnyp41SnALwOhl,4-11-2005
303,BzqjimDTktGclIXUBKCc,vpj49yqUAaONXyplHwbH,2-11-2002
304,aC50r1uhxlDxuZk8NkV9,EAUtjzpJhv8YR0PbVPWl,4-2-2000
305,Ssla1lQAyVtwDuX1XeGI,mxiUgrp9CDhvQXizHGDX,22-4-2002
306,PFFHMvgJL7KNUDtlcV4Z,waqmIgp5wLuLdNNNRPpg,24-12-2003
307,L3ElQCtiNBzHxgcPlf1N,9niI6O04RpgRnSLFUxUe,5-11-2004
308,EOSl7YLgHRihSfrjqG7x,WAMcwhNFxmG1i0hEVLIA,4-10-2004
309,trRtxlrYdIgVgVExWejO,m7jFipDMUUktfzBRuV5o,27-11-2001
310,k83WQIpl3cPGMGAHiupW,jFaKt0DdGgexVYw4DzRZ,22-9-2004
311,zQioki7m3IouQBG2VmV2,Gd75LLeaJopB3wiHNt4G,8-6-2005
312,zS2YVz5AqVVCtRYW4mfL,6tXrV0FxiH7TAz5hkOXS,25-6-2000
313,KbQ2DUPyjo1uSC5idcsj,bY7BHH6OAHsYLDhWQIeg,16-3-2005
314,rJKAFWeVby8LR3VNJggL,cq0aPeIuHVVDL5ZixYTo,15-12-2000
315,Pm3eqZiQvNhNVNOExyiO,rfpNSbtDD5aCfzXwurpB,6-6-2002
316,AdGHuAiCGNImJlxtOwvP,IUZRwsJhxYTORoqNKKgh,21-7-2000
317,3EYOMkm75yAzGQ3x1qCx,KSUPUZs6eS4h2qssgHwf,21-8-2000
318,hzFOWyxO17uhydCJvK3I,z3Y6mpdyjphYem2wdwR8,20-1-2003
319,P7HhaW1zuQ7YaXArSUfW,atZrLUnpIXHLJ0W8fzmU,8-4-2000
320,YvGhAV8sYYLWsBYDGk02,jvsi8p23GEFgJulttODh,9-10-2003
321,3VAY9Rentch0owiOZLei,ZKnTaFQvwUucEX6sJqK4,21-8-2005
322,FZmaNgBRi7DwzAqRbPLX,C2JuY5ummgBLm6tTSS8U,27-2-2004
323,5Ij3PMjj0qDbdE9lrEij,AOlr45KUHsOItGjjLZq5,11-5-2005
324,C2eL7EvxjzPt3Eh1luUm,qRg1YK0WpFTyXLeEkpXN,4-4-2001
325,5udkcSkYoSHihUTmUmZJ,cJ9Lja0FNlHUHQAdt9Ol,4-12-2002
326,U2IVy4H5DgMJxwDHyhT7,a8f62D4V5BlVlOHPxIS2,12-4-2003
327,DpV7Nit29BfxtJt4kBIZ,qYNO8OhNG1WXvijZvQ9T,1-1-2001
328,C9P3oHAdSawmKC1r6M8V,kEeFXnQXqDNTOSeNI8lE,25-11-2003
329,oBBliYmoQCMDzGCWRejK,sbRQlXZFsTTAWeitvXC2,23-8-2002
330,C1p1uJgNLJFtT3XK4Vy9,ye9rXhThxpNd6nAfPlN6,18-10-2000
331,Xd40f4zcQUQasIqBaB0Z,IZX1Inw7V7UFagjwxAb2,25-9-2004
332,Vkrdw4R3fa85szIyf8Mu,G91V16Okj2K1Wgs6GwQD,6-1-2000
333,6FXfh0mm5W05RqI2TeMf,haCjZGdRqILQN7KYocXJ,24-1-2001
334,y3UFdjSGArv45QCAuSFS,DVQbiHmSFVQvlBtvKnvt,29-11-2005
335,MX1XA5eyjF2QZ8XSFDBv,hUbjCKIcEYwwioX5P3sX,22-2-2005
336,F1sI4ktCvLPeLSOgQMsy,eGV1O2bQOxZ66B3S3Zo5,1-6-2004
337,mEldpTcAC06t924M35zK,kx3H8g52I7UUV6SqIwma,10-1-2005
338,ggtgUwfeWY8rJ8PSQGVV,Gg0fslKcGwAOlkmOnJzZ,28-10-2005
339,WcS5gzEXnG8ejDcoNKmZ,1BdN09lxyb3sxwxu6gtZ,19-8-2000
340,pt5na28jrmGKf3NpYUN7,QFjgkLUwaF5b2h4ri7vb,8-3-2002
341,R0phqSoz0U6BPUHHl1jl,ISGLFNDnrxnmOrniXXRb,12-5-2001
342,zLJap8fDP3v42JL56d8d,NAdPuyin5NcBfzUyYDWk,1-12-2001
343,7pdagq0BOap6pLBMVkLs,5O86VSKes7Zk6kokHAI6,28-9-2000
344,KLmteIzBRo2eoTwjOOrj,CEKepaGsWB1fE3kNdIHv,6-3-2005
345,N4ZPVb7kRkW1eDImbx2d,692QWlXShiGJa9XDUCjw,20-11-2000
346,UriEB8UynuYUxhHhKGtY,xTCV8598yzsZFN7phc9A,3-8-2005
347,2Zpw2Xc5IyxxKa0Nada2,ksXATU0scEQRyfb9iBQa,24-12-2004
348,ulDHCIi1XYMpotO8jHqG,VXISp8KVPqcHBXYNa2Q6,28-1-2000
349,HgAFDSRpIEKYvWbfDZR1,iP5H1Y4lwrQnsq2I7JU0,5-5-2005
350,v9MkHPhPGG4NHdYf2miC,Fv9RjFGmGPlItcCCJprs,24-12-2001
351,VUFT1pp6fdXvhzsHMQla,HX5gjmngvN5Ig315Bt3o,15-2-2002
352,Xexya8LINSJveJNXL3RI,g94glSoolEptW5KDXLwQ,3-6-2002
353,wjpyQfAxInonnJMzrnP2,4nB0FUQmWRTqYb8MBnGW,10-11-2003
354,NWqFsgZMnk8j0jzx9TLZ,gn6VQalI976PjtUs7H3Z,22-6-2001
355,GaMY2NkBthEdIEBTobps,0MNwOJskqRGLPSELbCE2,7-9-2000
356,R7RfTPXV06TF8yGO4UUp,A8PCMt7nIgxcnKCcLgva,4-12-2004
357,EDnaLZCYEHW3RLB1wSyg,VWeivAOMGlTzkpU6WyYu,17-9-2002
358,dOWd6ndH4Dsav4ZIghLB,s8IS1r5je6YZUPsn7Bt0,29-1-2000
359,1pEmXPnHNY3PSCprAxCg,PTquw6pa0fzKGbEacd5H,16-5-2003
360,hnveuQqAUvBNMq1ZkfLU,Jws8jAhaYAGSo2nvBm09,18-8-2004
361,EfLBHKeyzQiBuNEamOUs,i9ZLNWMHLnDNczoTDLte,26-7-2002
362,dcOdKm8CjNkk3I9891AF,OomM9pKapUh0wLuGv5Hk,22-12-2003
363,B4gZUufS3JsXr2X8ckbN,JSYgZraA8Eicv4lIuBBB,28-8-2003
364,u9vT8dNfkuijTQNjPiLr,V51UPDQOOqv1J5bVrc2w,10-7-2002
365,YckLrex9zhUIuKlvYzQs,sZRrJ2C1sawH7ETPEu64,23-12-2003
366,05rLKjT8IlbLeL3ZHh7w,wVvujq8CC9KmQYQY31Yr,24-7-2000
367,rIfKHwX5XowRHHA9oanM,6B4YQnZiDQ5MWKNwrFoj,21-2-2005
368,f9ktmOEmtS14jv8dzHGp,WVzIihnE0FtQLtzs1ciH,16-6-2005
369,UqFF3aZlotlA2nAMQpQO,H21VEy1fIUFHqCBg1oJB,4-5-2005
370,BqRT3PxaVkHDPmuZGcCE,JqLR413OKyRMQ6WqgUUy,20-7-2000
371,NgrtV9eXxX8t7h7wBwt8,zrBHX4WHA7zcabXMEcC2,2-4-2001
372,JnwpfcSp3L8NIzY1iFbm,95P5i3sVAkDjJYXOPWsG,27-9-2001
373,X6YHj1ZtRaYMzjdMq1ew,yWSDGHOXPgjOUGByCKin,14-12-2002
374,jjczXxdlK3EbWoIVpERM,vGM4VyFYGImbOyGgUXrG,5-9-2002
375,7W72UockcBiUf3yz91nH,dq8pHPfXE7QrQa8LyHQk,18-12-2005
376,fgyhYsNQgrzsmEhpiVbz,Jm6e2zDqJBY8aUK4bxjO,5-1-2005
377,7n8iNLKP7kJS03fRVE9F,aNTJi3NWSSyL0JBrSoH5,22-8-2001
378,F8CAu9qmk8aH12HznH8D,BVNG3Eall5P8DoFwjTwS,15-9-2004
379,wjBKXk7vAmKYoZLVnL2V,4rcCe0tg2cf021T7jNAS,26-8-2000
380,PuMceXXs6rZhsD7vXM0a,d8hIbG1Kbl7v6n70aLbh,12-4-2004
381,ANRN2Qrc9fbW4DnurjDF,i6ZZ6xIsau9kaAjNktGR,14-2-2005
382,0XcwmokRbDDHVyVQdHOz,4yl8Tlgnc6wx1sNQx37z,24-2-2003
383,djKFrlWwiaBEQqAGWmhd,ACMFiMi9K4Ubv9Ht5vuJ,12-8-2005
384,AeirpplKHcF6XRTTsB7V,N4BHDXdkJ1AoAgCkbLMa,13-2-2003
385,9A2rq98xtwbXi8PoEqUM,Bi5HhaelW91EEzlXQWnG,14-3-2001
386,XPwTjfzAUZieblGrmYTh,gHJDgOUWfxPLvSepDPQI,10-6-2001
387,nC5qvjFFhuqpf0Ax1PNF,BwTL2fYqsnyN6bMqAa7H,8-9-2002
388,yYzajtc5stWgopSjh9ZM,QlfipoBW6kOpkCC1efFX,12-10-2003
389,H4VnNPaZbZIKLzPmPhxC,biWYTBN1CDFP0lVgdpe5,23-3-2001
390,CnXo2QBYFW5Mb6OsKwCW,U0hdWUQgvSvUjgHlg2Lf,17-4-2004
391,8ZPXpGwN66nwzjlMwh7c,Aq6kMLmpEo7x6YjiRSwg,18-3-2002
392,qIZG9xwNMfIBDGmyWvMz,zGu612eMm0atjTmRNaG6,17-5-2004
393,zsR2Ye84HIuO9sfeVY2C,fSJn66ObrOteLfBlnIeg,5-3-2004
394,VmABvPfnw97a2OsW519K,0d87hJbjEyGalsSjeeJl,3-11-2003
395,vwPiiFgKznGtqJymS5EG,1LjduGdWru42vr4kNDnh,7-2-2001
396,Kw3dmhKyvkQT0YmTvAhb,rouLiGUhYTRU0p5uHtCv,6-8-2001
397,Q5r1r1IxjcaRtg6SXJwL,rDC4cZkCDWSF9eVGVF4k,21-10-2003
398,RZqpIfWJ5I4Pxi58fBMh,R0vRRKf3eCU3glwRxwcq,9-3-2003
399,XJDfFR7NLNypSwkAufeM,fdKlAXoI91Yd5aIW5l8a,15-7-2002
400,T1H3cwGieFfVfed8F4pn,Df6whMgc55YUFrXaAgNU,22-1-2001
401,suJxmR9xCcemEtJaKEkZ,5k2JOGqJ2PYq3SUjE3mF,4-1-2005
402,F24PXrp58J7iqr0pQLIH,3evrQmVrJ9TkI0I0ci3X,10-9-2002
403,BGIH1TAM9SNmc2L5IoE3,EepngCUhUC6c5WVMYIrp,15-4-2004
404,wTWPCx9OwdkVuey6z3fa,YEtzumq9X9dvcHfrkuLO,26-6-2000
405,0apJ7gl97tuPLIfUYJbj,UC4DVPTAROQXbcvkjsKH,20-1-2003
406,FwVe6CokjznApcEJPGuC,2FfWjvdL3Y1TWrhYwVdJ,4-11-2000
407,UzxnMzRsRPdKw3IJJJOF,hJhWgCzqlfo9a9Z8Qd14,7-5-2004
408,BCudN56pEtzI2AlW0L0y,AvkVKFdXJpO4Hq6MUeHE,6-8-2000
409,H0WEgGYdG1YMNeQIjKNA,sSyfJRw6qYKCUa9ifnP8,20-6-2000
410,cQC6eF0q6ecmuAipbWnm,BWrDasUsDBilsUBB7U8N,15-7-2000
411,MJZqsOspD8C99a2y7NT2,QhDunKMseUKD9bHJVwo8,27-11-2003
412,JpueukuCZ8ExIDwupu5M,w62Ni9UQwOZQU58uFW3o,16-4-2003
413,OKXcvb53NlTwxcoWWlnb,nMSttHKW9pauqFfyX9a9,19-10-2000
414,PYcQfyTu865SJ3Wlj7Ty,YfsA6A7HvYtc0qVVlCwK,22-2-2001
415,iaLxDlQxrfbWhLN7P3aP,GWVj4oQlugWI2bfgb40S,25-8-2001
416,Uva8oUGgTkkbof6YlHx4,TZqBTz6lab0G5X7rREFi,17-10-2001
417,H8Jk908C7oy7zlNraVTO,QavXoixbgO9o6aT655Lt,29-9-2005
418,DRO69nC884y3iYymcI0J,ZesSU64PfxseGtbI4u3c,19-2-2004
419,J45IqrVDtdKvwBhGXWbX,NDHIJGbleCOWA6fkB4af,3-3-2004
420,FGcwZSA4aFQjfaYOhSxq,Wb1T7Rkas2ZUgiEvlTuW,9-8-2001
421,qqRaPKvugF2acCAJH6XD,epokJYMq8Yom7JXHwnfd,12-2-2001
422,tzdthfpSRlNEUh2JD0y1,Pcg6NQv6144bg4rASaqY,27-4-2000
423,GMUIeKNG7qI1jBFhQZiX,Ewy0dDNMg2eKPjwFpPii,3-5-2003
424,66Cl4DxfInExt1983ghn,7mRsApJyo9xVoQWEC9l3,12-6-2003
425,J5edrobqTfQqH4TRJJW9,KZ7OKzIuQVNpeTGcvTcz,5-9-2001
426,BZciJ2PjxmKIEtvqYRzB,txUoX2vkqrBNfLHqZDcg,3-1-2001
427,ZFuiCo8aufz2WPHUi5mT,awoQrIFypPKXSWNpGZT6,18-8-2002
428,UXq53FBYT3N9MF7Pzs7E,9s2LbdNu75bxqgCnlZdG,21-2-2002
429,Jq1zx1E5Qimo3JzhwvaB,w8m52K37s0juERN4yG7A,5-5-2005
430,esuRazRQC0EBQhXjdqxu,FTeIGfEHmKBJlUb4IGdT,23-9-2002
431,Fxf9O0oD17gl0PqqEf4f,CDugag4djQa0ZoSBuV0M,10-2-2002
432,ehE7vBuUR9eOLYgd9Com,Cv93Cjb5iNUs4PXMmOBD,11-4-2003
433,ICHHpOIl6XPkAEopRQ32,F8AhfaDO01idpF2jdwXn,15-1-2002
434,qvulBSw3mnNlKBnn86Nm,CjgkH9S4i2wQKux8VC6M,9-6-2001
435,aqD60tNKtlyAwB7zbERM,C19jF3TQdNiDnx0l81st,15-11-2004
436,KEL2OBX3DTa8gwMUMs7S,lw693QAxw7yKDFl5p46U,25-8-2001
437,dwyJpRbaPO4M1UeXN7zI,IERpX7HRGSTsrhpZBKuQ,29-9-2000
438,SDUXQUhsuP4EZ9MffqPA,3gZ3bLk6TSNPXF1CW597,14-6-2001
439,uWxZrLufXwxpxtFo4MtT,w1OUvWI0cmzDcD2yxJge,20-9-2003
440,jjELXJyiwp1Oiy2MElnd,lJJwLe4Tj2ZAq0CIg6B0,13-6-2004
441,pcaPWLkyx5UxRAwEaGzL,xDsp937m1RSvUS1H2aZN,16-12-2004
442,QzKBPORFZv7UiMBDlT5l,5Z7WpkvVEdZAQrvIsDXR,25-5-2001
443,jGKxPLRZoDB6pyhInUYZ,c7WEqllAAgFBOdmMiF6q,28-3-2000
444,zfgkfAqp0vCMJaQZJqaJ,HnXXdCeHMykCZHVIv5Sd,12-4-2001
445,25bq04toUHjSVNaXkC80,9E0Fg8sDAAj7DiMf7ieq,5-11-2003
446,FuUBAfc1FHf3KceIIDCx,rCg3Ro1dQE85FHnsgu4j,19-3-2002
447,cfLI0OJmwklQeFdMvM6O,BBkd5myoy5KAb6Beqf1P,13-12-2005
448,Pc56AaR0u4OLo5nV3D0c,ROiQCkmnh9kJTQOY2jPv,27-12-2005
449,DfkBcHcBX3I4dz9BuUet,DJBt969ZvgxbT1k4mRbO,8-6-2002
450,mVSzEdEVRhUFCVsKjEwB,4Yu8QpAtGL2IAv3S6I7q,20-6-2002
451,rwmsLbmzWGbjgDZMOqYC,WqidJeKNLRu6h8zRu53S,2-12-2002
452,GPaNze4nwmLaUkz2PHY6,AVD8qvaUhsW5ET0Mfagf,22-7-2001
453,DusWFphamUJC5PlgadeX,X6H6t6GYbqJBlKoZ0VYw,2-8-2004
454,NctK78mxnaO7w3rW7lzM,88VS1U5xXUhZkd8NCvHQ,29-9-2004
455,wFMjkoNHQYPN0T08C3Zx,T20fWojFBj0sr1qNVZo2,3-10-2003
456,ns68LHUM7z8o5ye71GuN,nXjc7ZpwqjlkGQD18H2q,10-8-2003
457,GoJQ70c2jUwPwrPRHYTO,xo6Ka5j51nncJD0iKvEu,20-2-2002
458,5HklDC3xDLHxNApBJZ5k,W0K7EGAIlwWeJPK8vyIu,15-6-2005
459,j7qwsuBbqzc4jjl6wMaH,uebeLNbiUqBtjPsaWge4,15-10-2001
460,M4DF3qspnab2KkSKVv5p,H3rBODKZbIeJ6qzUWlt3,13-4-2004
461,OauhydceJfpSC0p1s91E,PfNEB9PjOzebg9E77ekw,5-12-2003
462,fngRfgDAJve4mRJymYgE,AUNLsrMo7oAMHzZFuTlZ,23-10-2001
463,cqBGBF8TqUjpzFviuuar,QOTFbsC3xeeKgeZU1Wqv,21-12-2005
464,tPjWV2SjF0RVvUudaXDY,jHnx6jWsZy4xp3le1O93,5-4-2001
465,YrCnX7O2DbCRjyJykdVT,xHjfwun2qZNCzs8K0OvK,16-3-2001
466,BrCT6VlqLREbvDE0ymkx,1BiMgxUW0woA1oAvl2c0,14-10-2004
467,9WfoDPeLw0ERmGOjG9wd,M6nmMkiQsLh0U5blGUoa,12-5-2005
468,eYeuepPGYOXq1BYhUqXk,A84t0N3hVWnSX7jPjWFk,28-3-2004
469,1qhLvVlJADzmponRTEOj,WEjwg1VXTzUJrfhR4Ynw,2-7-2005
470,bablt7wylXJXOJeSxGCg,PH04BFX2p7K0Soy3WGYb,22-10-2005
471,Zs4SsdIzmSoPujyxc8ZA,SSpvqrVLfrQjPWY5X88M,19-9-2001
472,nJE42lWV3Kyx9f9SJoTp,oc2CqPco7hMVLpDGwL6Q,26-4-2002
473,Pj9B5hrxQA9SKYNGmwVf,4CV1YLnnXCv1tt7sXi94,24-1-2003
474,re7N8X7xnvKQCjnnONlP,IkltC6RSyCOB0dewrBJK,5-6-2003
475,452QlfDnsiconhpfmbcy,f7KhQCjlLY6AQQ4LLrZR,20-2-2002
476,OZJjmFY7vtQEhSfzIZd6,TuxhPjoyavASGXIyIn0T,24-11-2004
477,EMjgBcfUhbAAakA2ZnfL,74gnZ4NUjR3NaqYGwiOL,10-4-2000
478,bX6e7inxqNddcNMncWg4,MaSMYdobNv2lm5TiIUmN,18-3-2001
479,kNZnswztRnR0MbAHldR9,4lkubbjxdG5F3nBnDkoi,8-5-2003
480,qlCf4hjolj2yCY3zy7ql,MKm9esOuOTb94gy558Ge,2-1-2001
481,SGdrJz15DejuhFXO8VIG,1H7e4bYQ4j3KMLz98gPz,4-4-2000
482,CN6PulWdWSlaSPGV2ukU,0Dn4xf3jys4S71u1CtDX,16-8-2003
483,8eOx6Lk82ztg7lOmOSf8,9iuE8OP9SyRXji9V6OcJ,1-4-2003
484,K59z1Q4ZyGrBIpr4xjr4,KxM6WjAu6UQmI384oyom,17-8-2003
485,h4SbKOBRxY5f91SehhmT,6C2UtDYPPpHxWZWTaF7s,3-3-2004
486,exszi5mKF2XndnnW2y8a,pSLfrrOLUYAtk6OF8EgW,4-6-2001
487,sKntHytqziUT295NCTQm,yOhHtiRMRPbjQLJ7vm5g,4-3-2003
488,79MRLbMEhkniwxpztIvg,jcjtMwEcFNZynlS3TaRe,19-5-2005
489,Xn3Qk1zckx01FpJX3t0H,vW8cL7bgX0nKi9j0ndn0,10-10-2002
490,WhT2rLEWOXMplprufBfS,m0u76nMAoHC5hyCR9ok1,29-2-2004
491,Rzj8I4sSNTS9CyVIH5ei,QZ93Oz5IkFS8sLHnwyNm,25-8-2002
492,Lbtquwwlo2TW1JMqPRIT,d0IndDsG0DhxwZK8c7tr,1-11-2005
493,zXzRrVfjtNby3TJePsA3,II8Fm1n6B44tSbdDTtGD,22-7-2004
494,3YPjWEKu0EsPCtgp4pYG,PMCVYWX8tpmYRMCRHI8J,19-7-2000
495,teozv0zDHZ2ovAotDsWD,49dPayniqu9qSsLjytlR,1-4-2003
496,2kgnM843Z33NgiRUDb4b,pCJkciRMrP2f98EliWhq,26-10-2003
497,Oh9kKte7sHqDEiub14xl,GtQZZ7aXWaDbmVDOZ8DK,24-3-2000
498,bwfRuKQGOPVp9aEM3cXT,Ke1Bn9BtMBHFY95CiQfZ,15-8-2001
499,P3YyAcfKRy25RCQUk43c,ocWmCgqiW0CrIkdNWFRI,16-1-2004
500,R8uuDJJ0dYiAoe4Qz3Hw,svT6pdhX9MwAZUIJlFVj,3-4-2000
501,FwCKEP4afqk4YKnvrh1W,DvlkMYRdQ67IDKBLPyQf,11-6-2002
502,wHvhCIlOk05ZJMPTiPLd,pW89YGTZuAVtKCcsWtXu,20-1-2000
503,V0jciC8YAunyQrsgo3zN,cGpfAZoPFacZJOMwwDH2,21-1-2004
504,TPyrcWrYzXPcesEvClXq,IZrFgyJdOTDohgmuiBuq,24-11-2004
505,2rqIWqNgF5WrDQOxXjeG,giykAEBpVsv4mwTXlRID,28-8-2005
506,9EH1FiXSeNwpWug1h2YN,vMhAEKiZtDw2XovAZM5Y,18-4-2001
507,GVT5LYRKo6wAFbKhXwth,nPkF0o6X9ehGAriLkpvB,13-9-2001
508,Q7YdPApKFzjODupIHA48,UdY658NLrLaibbqPj1H6,13-8-2000
509,cdBFDbAuQr4zjPIBIzXj,ahfPvsqpmzURhCCOnZsL,28-7-2005
510,25jvaxPJsiUi9mPgwp8W,IRX9PeNF66VIErGhSjsd,9-8-2005
511,25x1uIWLmQmuc0csYxlo,lZpyboQ3qUFpYdG1dH9x,22-3-2002
512,gAJ6oAdGUD6aJ7E6u0dP,8f9pTF7x46Pd4paRc7Gg,13-1-2000
513,apPUqf23E5AdyxsN4Mtc,Si0IkxHUuZTZqj7blAE9,5-5-2003
514,I8ramXIdMUr9kP4l3wU2,hx41pthfAwiPAScUXtq5,16-3-2000
515,TOSdbpqnS6Dnr6dC77P2,w41FzGFzwfEwrBTu4v59,15-9-2001
516,hEEDjn4n6IMjxa4gAgPg,eeMBOJuTxjOnoZnDZTzY,23-3-2004
517,DPWYW7j5ALzaSMhqkDqg,SI4V24HqjfFJFUXrt0WT,16-4-2005
518,CdlgDxItcCfvgOfkIg7k,abwFEwr3fy8WsxaDtmf0,16-9-2003
519,ZT0BkWVn0Xx81vrF2w4A,MQ5xpbNHqU1hCO1vwLSd,28-1-2004
520,EA7gEWPPVbv76bpMSkZk,18wBw3JMlPZ2viOMvLNk,25-8-2003
521,SsHhqtic7PmuYKsedkQu,O1FOOe4TgvgZFsWL1xxX,3-11-2001
522,E6I878o6VuDYrPxsI6ry,2QmzMUI8ir1gn1DKmHOd,5-1-2002
523,chNQ14Ee6FF800R8ZLeu,wwbWGgbOlKWL9o0ZzaTh,13-12-2005
524,17lobhE9fdWv3zpG3Sac,OloaX9kSG299eGlxfp9u,20-7-2005
525,YWAjJAIPKhOfQabtI2H8,hKmhEiACuRZKu6MtoEPd,19-5-2000
526,yFEPByLOfTcKTt5aM5s7,9ISUI8toYJB7CC6ZIQKi,21-9-2000
527,MgcUD5MhKhztNDdq3HAg,X9sUiKMQup95p4FMlNR3,15-6-2000
528,T8KIIt1KV1BSKHZQPCTh,bKeOyyLaOpb1VvbuCWKm,18-12-2002
529,gu3r37butGPDk2ko4HEg,sfdz6GsS5L3UlgueFKmq,9-4-2005
530,3baIZERelLkJaazdE4M8,Hadkm7t4MzFTYADYV1V8,6-4-2004
531,SxkHTfERMDiOCkWvpTt7,tgv8JYghciJBqTAXuTF3,8-2-2004
532,q3PiWhBEwuSxmXuJO4yt,s7lRBYOfL8W6Zfmt1eNX,4-12-2004
533,vJxuqajHVfvX3TcQyxkQ,OfnFDRuxFXmWAENul9qJ,1-1-2003
534,8JOLljyxUAqwPH5NboW4,iWNC8ny8nhdKECJqM2Kc,16-8-2001
535,VrgaCpKqGfMc59P1rrY2,ccHrkqQFJvsis4U3MFSl,15-2-2001
536,x9W5kUmD4o7lhWotUyD1,i4bvxRbrYhmJ2isunzdg,4-11-2002
537,S1SletXOHFgrOXsS4tAz,AAXIBYaaDk2AD5lQfPWV,2-7-2000
538,BPcKF508iIgfi7Hp7zOg,LZtCVwmPtY3MPMoaa3g8,23-7-2000
539,PcU1r3a8wLBrQQjVMLHi,T0dMyqs9VQWlXaSJCvYL,13-5-2001
540,1G73PsaJMpSfTAtUWaXN,c97SYqO6TD75ibBvIS5h,2-7-2002
541,7bEoBk7LcTxnS7Rv6CVO,Lp4ObKhU0GZrhLmwkuCl,29-5-2001
542,hoqcLlADiIvtbuIyKc9U,7jjnXmmNemVtxniqGvGF,19-10-2001
543,yAHCaCZQYVJ4cK5DQGJr,NG0ujYyj4tFB5crrpNli,4-2-2002
544,tITJ27pVhU93uftQgrln,Mu2hYbpRx43k5gObMKGF,20-5-2000
545,bjfIYH8pSBcekD6WMmu0,grktjbpjiAQR0MWmkAmk,8-5-2003
546,D6LXqqDWkbG56yZ9TB4T,pdswqtLTsbav4nIBeZyZ,10-12-2003
547,M7kQH0fe3UvVqBLWL9Gw,VI0VX6tUGr7z9Wno6g8i,9-6-2000
548,EfaGp8w4FRptRx3enbCV,hST0jOxuVyX61QEIecAN,9-7-2000
549,9fATAUXzjvTpazwlBVdG,pRIC2VOk75mD5qXm3VnN,10-6-2001
550,HcDXWi7NBpJp7czVTCeI,BDbGycuDWaf1WcSytHdl,12-5-2004
551,URjH3fgUyw9OhM5VOW5W,nV4SJ4CHd2RzDIIJe9w5,11-7-2004
552,NAVpUg83OJIM7kLq0Fa0,3aScAmNBttNwllnYX9iQ,26-10-2000
553,SfgS495F0iA2UuOWTeb5,ObT9A249VuikrD55u6Wo,15-10-2004
554,QWbAMCBAACuHpoSQ0BUw,XsRheXTpe15XXAyx0bqq,8-3-2001
555,KBYt63TyizhdeaxqdclH,WEvAewNSQRhWhqDJ2Qfu,23-4-2000
556,818GeRnqN5YJGnd4FaG7,JTo0TAL04uYugW9CZiD1,6-9-2004
557,kYGOckU5A8lIifasqa1N,iswvr1mGJDHdrHHdcQKN,8-2-2000
558,mqndHeZ6CQAB3AVG1klr,3HVqNMvOqexHmml2h7Lz,23-11-2000
559,0zEjBNrscSv44viPPhPz,YMjpgmxS3HiXurGO5LWR,15-9-2000
560,ICTI8vXGAM0rjSm9I0Ja,Ru10XGQadcY2USdFqcPA,17-9-2002
561,j2BzU5KrvwqRMJs5Fw58,3vaXNwl0onDfSSEXz6ew,13-3-2001
562,rdoZTl6j8uaq9tF28nMk,GgH0fl8mY8Px5PM9UkQ2,23-8-2001
563,92CKbsYRuAOXYhlX8CuF,5TOXbTJt9c81toSyvcIw,19-10-2001
564,lCqhcVkYwhgh8MZ9eHON,l1vZEtU6jjKmOGiOS7sU,18-10-2000
565,T5yCfRIVzPb9kDxpZkFp,q7W5FZQU4V2ollCWlzS4,9-7-2001
566,SjnY3ewhYZs2ctHQ0bHQ,SXTkYqb9o3yJHITK6B7i,23-12-2003
567,D6suNYSAOIVyHbYyzmq1,t926Ji7fratw1frzmLwA,9-3-2004
568,OCcgP6WExbKoc8dCFgdk,SWkwmkLmHRSghWklQfGp,28-11-2001
569,l4d9sVsz4cV2gSk1LKWv,J5ZxoyADctloMZOWq91j,4-1-2000
570,3aTfo0bMpGmVVt7kyiON,9xfDFg9HEKHMKYCSTO7l,27-3-2005
571,ZkLMJwl4Y5ds85gvclkM,CqdewcGFuCFxJH8capg4,12-12-2000
572,VGcz7TDSBKrF5hkWbks0,MOEiJ59XTY1bkifeF41q,6-10-2002
573,lzlMP3eFKeqPmxDsspbh,YV2k8IJoXucYadqXGizD,16-5-2002
574,BZjSF55KvSxfmlJramRO,QnkcyTJuRQ1xFWERQewj,4-12-2003
575,PilAIgtYjpMqCC3nJerD,bzZtGq59hDl0BWoCDrZV,24-2-2001
576,rdF4aVPYUrxsZyXYoHdj,pKWybLFUyip0DFIh1wqZ,22-12-2004
577,Cv25XiBLuwJDuVca3VjK,qah8moRVjWsUR9PB7fwA,1-11-2000
578,2yjpkUVwSH4UWnDJKrC8,9kjU1dtuA9BaybuPtTei,21-6-2001
579,yi2Qfo5ym2fUoXfhMhGq,HJvrIlvwroOsaoB0EYGC,20-2-2001
580,gLXMlA5p5aofu86Z0zXS,hPrjN56LHn6LPOJjT7vo,28-6-2002
581,eAtVaTg22a8fWQQqkwPA,TESwtBy1R4LTwXPFEmjZ,24-5-2002
582,fkiiXmeKdBHZMnuLqx3K,6SKhUkIlmryzFMDGwX5R,3-5-2000
583,nlha2zSQoFuwgKVrpl4F,99fhGAm1L2Fjd1kaHdG4,7-11-2001
584,cjvYMw6bjzo1W6tfsWRC,zYqwycMtvgwIsPZ0w3qE,29-9-2005
585,phZwVlf3A0w2Cyz8jhC5,hsPqfGMHNqj5OuKei8Wg,3-5-2000
586,4TIlStO1fDFl2XJMZtgz,Ok1I654wNgLYEjreAnVd,8-2-2004
587,oE3jLIGM4W3iBLKlzAZi,nLxBwgKW4M056AmYfBUL,24-7-2002
588,Yh9c0lRyW6lQ2czCO3Wa,Ksvrj3gYxTEBmfrKzVRB,2-12-2002
589,dwmFUr8miYKBE56EmmPX,lRFDZm7rp3wipBNixs1p,4-6-2000
590,FGdLP1u8FUSBwoRIOwgc,LjBCUU0pmUPV6pZLrfvv,21-5-2005
591,7Gq1YPRv93I4Bf6cIvU2,IqWGL2MHJek5fwVXYTwe,5-2-2001
592,05rPbyiqcBSE30tv0WTt,ajJvp1ABMRfadcqJ26vD,6-2-2002
593,ArMT0RlMUCUsv1muTpqn,vRKrrdEwUvi7SCZUsJee,3-2-2003
594,KSwTBJmfQpDpG1f8F2g3,dYUxTB1fV1gWI1Q4h5dW,27-7-2001
595,bkqMCj2zJnkrdoBwuNAl,IONhj9U2dzZfn5wp6Zd7,6-11-2002
596,L7zJ38yVhlThMrnJN4XZ,fQeStNmOrVQ6lQPeY6tI,11-7-2002
597,H4xbt5bFzg0TDIDecaRW,tuqpI8TTnorur9uv1Yup,8-10-2001
598,5A5nM6E1OJGfK8apimG6,UGdgKzTrv0BzbKwiaeQs,25-12-2000
599,sB4SWRUurQVshooKXaEO,Fse6IsljINl0gw5uWvvm,17-9-2001
600,hRctxuGiZhuJrGFcVTLJ,Q54VIGxlrLfE3tztTcHU,25-2-2004
601,8gzEwFNIZk82vZGQHOfT,minNcmuWpPqkOG2soMnH,17-9-2002
602,FExQkxVoui60rlgAKXyM,qUYegtuMb2qaZq1O2Q3R,26-6-2000
603,kPpwEggfyDloGtGYF1pw,TvlPkt1wB6IPDYP3PI9r,15-11-2000
604,bdcXCo0CRXzPFhv7ygX7,3t1St7Xky3F0KopppjWl,23-3-2000
605,puX2KeFA6eiDCahSxVzi,QrdXUgNyxyJrDlRKUn3R,7-1-2001
606,fYqFhqveMINkLKT1tQee,598F3jklCAzaC1gpVxJ1,5-2-2000
607,FsWfW0AyGKq9Tmtuy2kz,BFFFXIPcfMgNw2XArlBu,21-4-2004
608,57wBnm4KOFvF2UdfJI41,3drLLBdZYE5dPF4bbhSj,28-9-2001
609,xbExv7M147G8mUD3Mg3k,FR1B9O7IPDHg9NwvwVNz,18-11-2003
610,kfzSlZv5slVKvvL5mVV6,kte6lohRwvPP7tjihGJC,24-5-2003
611,5MB6iavDfeIPuXTnPDAk,XlW8ZEFknlpeC22l0z44,26-1-2003
612,QFq9AmD1cMfcDUT7mnUj,uFAWJCtbQS1ig6K6fL8F,9-8-2001
613,8I3iVJ533XhnMyej5cB6,W7UDV7eBlUcnIIzdobP1,7-12-2001
614,l3xZ7kvLKOzfgZHlUOKg,jRqSLiPEkJYA3sxQjGK7,21-11-2004
615,eR9q0lfR5gUBwiF8qf1A,oCsc118R59gPipNWy4iy,17-4-2003
616,V86Fb6mJT7TTwZPzFMIC,4mq9rCf12mNCK6tri7Ne,18-4-2003
617,geAjJ91RcyPmNtoqtlqA,V6sK5b7T6kOZ1fSTvMYk,28-3-2004
618,A3HXwDJrUehExsU9uTqK,fDe7PZ99NGxRFGwRmT5v,17-8-2001
619,4bBHr52Bdd75EdzKf1rI,mepyUfIdOQf6ev9VsRFH,2-11-2001
620,FhYN3RCpdpL2H7BUbO5o,CUWgoULMBzE4gP31vaDB,2-3-2001
621,d1GsKp5h16eBqrZwQU4t,1CXr3tfzMN6VQQ4fxAyB,3-12-2005
622,O1FaZKqFi0GF0iGZE1e6,w9nVOTpT8rhoCEGcl7dU,3-5-2001
623,MzEPzwSRt5g0KfIyUBqX,J8UctAXSioppInKiM7mt,21-7-2002
624,TEVyoXWNQqNnonYLS5EY,HWoNMUvaWbv4N4GYvhwh,13-6-2003
625,YueI085PtnvQ7BNm3rBH,OSiP4X8Z7weByYI2jJob,9-1-2004
626,qovHba0aFpWwnK5ViKVB,GHcyfQly64cFJDfLRnhp,22-1-2003
627,U0nGAiOa9el7TgIYwVbf,QV9MetDgz6I6Q8yyv3jg,23-7-2003
628,oR1uLLiKWCoeymwvKqLN,54gaKPTmiRU03cd7l4Qt,7-10-2004
629,lkMLeivbmYxiFapvAnhd,FwGpVYXGmnHBiwX9UKUj,25-5-2004
630,T7rZI20pAY5RE4CWT7ka,bO5oYM08DziiByzWIXL7,25-12-2002
631,9z7K37ch8BnwCs8rEgAF,CUtCuC7NLz8xWhLuj4XJ,26-3-2003
632,hU14LmI8UuZaQmMM9pr4,JMqFcrHwmXubKo0uwYOF,25-3-2002
633,U7997Awk74FmdPnXNHTJ,RiLgkGuwhKNT0e1dKQVk,6-11-2000
634,I0SS7C4UPOa53QyTBS0A,xGUW1nCbo0odJdyI6SqM,7-9-2000
635,kvcaNQy5IaX68kXYTMEp,pHs5NI1MR3JZUb6G9eV6,7-7-2002
636,ROat9WNsbjshT3H4zgrA,wDXpGTxZqYBXGeFndBxR,27-11-2004
637,FMwrRUqfIVrZZtmCJYPS,aKoNI2KBoUaraiW16mhk,22-1-2001
638,wKiTq1wK7OSLd3dmG7vt,ACCHt3ygdhnnJtNzGIlE,11-4-2000
639,Rnhmt7ceqkyqzH03eS0d,hWc5SmwynoZP6AsF2GqL,18-9-2005
640,DT8cSS98Tc5tRHGUkU0W,A5CtSr1uoxixxl79P5G1,29-3-2000
641,cKrUVCW5lWJKIJDaEApK,GPVNow567I5VuZYVIABI,21-5-2002
642,VzyE1NPBBvUVl8vLpdIm,hAjHvhZSDusjk2AfutEA,17-12-2003
643,js0kUgozeFUsjtVzu5Bu,zJLYHbZVrKBu5HwzVuJF,15-9-2004
644,2myGmnFdwPy91lzivvWO,1j3GFrybndXvME9qAxds,14-7-2004
645,zwwJ6knKi5lZoByMeTHo,HHbVccUZnJO9pyNazM5H,29-12-2000
646,8I4XJzktWyp40hXTpNBT,uXaMUTauoyY87qe6FYYQ,11-6-2004
647,rruvdQATvEwyAfscedd1,Sg4PPKabIGdesYrF2WB0,28-12-2002
648,OB68EbIxtVoo3ug1VTpY,la6T7jzwMx406NDPDNUY,29-8-2002
649,CnSmOFEuLiv6eglAiLrS,uVJhUyfZD2zuyMFuYxzp,18-9-2001
650,0aJorXYbmfpdIpdMpWU2,w84miTgE0gAQ6K2N8V9D,18-7-2001
651,MQuPcvNUdcQuZXiZ5Pwh,UDn07PGXcnsg3q8m6K28,10-4-2003
652,G7amSmdDbVgNcPcGhwhX,bsKaMeo5FhUEYtgpJ61L,13-11-2003
653,uqku9Iwm8eAYaJGUPrkQ,R4zFD1hSWdM2fmDJR09m,27-12-2000
654,56Sa0GmMB0qiSCULtoGb,LEsFVeYljmbzU6qiHKcZ,14-5-2002
655,RlgCdnWNblfSgGlH1AX0,qHXjjI9mhnWHYxeP1VVf,17-11-2005
656,knxpstkUfPxhId1oQY6v,O2xCQg9uxgbV0lJphydk,8-10-2004
657,0Lpl7NU6GhfycNypk670,QjpEtHPyh5fbKAHArM1O,18-10-2004
658,yDWfkFub830klFRKJfKl,7fuU9VOW3UeFhOR24ITv,21-8-2005
659,mcPTckKGnfwxeysMIONS,zSRqY8eyItsWLJO5j90q,9-11-2001
660,BgHyfzgvmOlanF62VMTC,qLfvVNFBg1q6ijgsdGBO,12-5-2004
661,WNrutcpc9S7g5YEs1SNb,2h7MJya6qodkijhI4HPF,10-2-2000
662,Uqhzcnm1mYXjs0MSRavS,WQc5L0rBGgI3mEe4Y2v8,4-10-2004
663,UJ23vFu5NfcdyLhWmEg7,JKKt12G6kGdzPszJoGXD,10-8-2005
664,QOeMn7h877ctBVICIWmW,2cwCrEazOLvamODoExPu,23-1-2004
665,0pLtMSdduOg7gsKYg8QH,CVfnTY1PSjMfqhnFEe0U,19-6-2000
666,T8qjArwnLFyQbRiXSmE9,rxNEUBINpVJw3Yi8mQSX,22-12-2001
667,Za2WYsEJDEsvXPX7rOBN,KmpPgCP4iYIoy6mtjSZO,20-12-2002
668,MEmeU2DCPaesoE6UqbO5,X5WVBmoCwPNR7o0qTNtZ,3-9-2002
669,xjMq7FBeu1RPJ7mohUY0,bNtCXz7HNiIFR7oK4JlN,22-3-2004
670,yKxELSYKBBP5xLHIKMQU,5h5cMWlfpgoiPIN7LEKN,21-2-2000
671,so16AZoeruqzNbuyBWu7,5lWAuPNCwvkQN5QsKBm7,3-6-2001
672,OSrmmfUVOQzFdm6QwNOB,kBsDiGJ6fw1s3XwrfBdY,26-4-2003
673,8Zx38EGZEcTgPkNWcZKR,mMadVuSNoIx4JJXPIakv,23-3-2004
674,7WIMjh6mjk83IYcluZqn,n3HtDM6qHDyzo23lpW84,11-2-2001
675,E56jX4pWrI2Kt4bSYkGz,lYcjtzJq3FywaKmTQeDi,22-12-2002
676,qj67EmYk3eh9A8dbR9rm,KqNT9YWjeRHqmDAfeLxX,29-2-2000
677,Yp8PkT87pz6C4LRJgMFj,9ybrraUy9pKJ6SQiBuTg,2-8-2003
678,73zua2hudjJth1QY2mYe,yJ7VkKNabCyH61SK027c,22-4-2002
679,nTuAGcmhgkKgaKOmTaAS,l3nsf8PlHT7AsbNCJGTs,23-7-2003
680,5qRZVEMDR1MepOhOO5at,Ist2D1Ol99X6eGp3pnPK,7-9-2000
681,pqRG6bl2xNeXw00DlGRU,Xl5nFxjxxkbqKujiYvOi,7-8-2001
682,EY4n3sQFAUxDPYaXuikO,x1maknOzAGoudfKukPyv,5-1-2005
683,Kzjc41ozwQkmCTpmFsau,UTCOSJhZtzejrKrP1Ewb,17-2-2005
684,jhZY0PVyzYnFwfhCJaDp,UnUy22CbpVzWNLx7r9A0,8-8-2000
685,yaGY2E9xLJrp3bEDyEl7,56jAcKsbJse6jLixS4Kw,25-7-2002
686,4lZWye9fjYf4D4gZAPq8,HMz6IzGJMkFOTtczVb2J,21-11-2002
687,hB9IDSsQ2TtdOjrIWYTC,ZHzXPO0FpI591MWPLHe6,18-3-2001
688,vYzNM7xmdsBBVaVNVqMj,m5TtXWqlr0mgJfrscetq,29-2-2001
689,E9ldkuDvu0wIcwXUEQ2B,E2CwvTjj1uyok3PUcUst,17-9-2005
690,TZU8CjCZx5OnuTpIKKGk,GePxsxttv9j6WwnSsG9z,22-8-2000
691,CMtr4xsBxFPNX6bVkBCj,VAUrvd3m1YQSwgi1g0ij,11-7-2003
692,Y4jR5NDn6vz6elov3dwO,8srwW1cVn1hV3Yl2V7Gi,18-5-2004
693,Lyy78Vjge95nxPV93cSk,Ud0NzKWPgrEcjzh6IKyB,29-8-2004
694,iNe1xfzvsi0VblTLXGac,olRNg6jocs4RmUtbGaib,15-10-2002
695,MYKZmgfVcIaKek7bhhkv,MjuoXRbeXFVj3GE98B7H,9-11-2005
696,XPOJ2wdxe6BnduCafp0Z,PRaWW4neyu0ALyOwSRcq,28-12-2004
697,pLSBwJ6isNUmfS1zOlrY,w4UQlsYbyLUCD8Z73qCg,20-1-2004
698,2G89pHDXM76ppJ92HgaK,UvVPV4Tzy7atEmC7Rs6K,17-6-2002
699,vSZLdngWsGgOSjYK8SnK,A2LmXyeGUONtA3u6eTiH,20-6-2001
700,fk72jRWlWRaT9bkLA5Kk,xDzEmGvMhJ59sp07Uws5,3-6-2001
701,NuvzDGDnTinOuXFifxlo,W1PvM93X1UaVo2DmiaB9,19-11-2000
702,LBxbtt1GA55dUko69bwU,4nbl13Jpni8GdX1OPo99,17-3-2004
703,TxhFEqK8z099ekUK1CAQ,OSPMWn626mGrBM64nAOF,27-1-2003
704,DqUB3lloRBEduJWHPqPQ,csPbNUaLFc3WH8Bde7Ju,12-4-2001
705,soXJlgVBcYHLUDHbyCWE,CNFoanqAYyzz6yAsJ6Vf,14-6-2000
706,RMdmEYMgssMJKVu4231d,0NW5GHHQaWpvjGhnBd6r,8-10-2004
707,GB7O9ITaw6sYJ53Tfmit,E4uvYk7wsnCTtTGXrv2d,3-11-2001
708,HiyU2loCTdoPY1RaMl3U,K0yOuNkOa21eBtVhVIqM,11-9-2001
709,gelPfuuJwrK9MQakyiKd,kQiaDBn9uC1haTtEhhCO,1-5-2000
710,HFP1VDQG6eKxmZ3XTCZz,gcuxfojXqCTI8HDyiIe1,12-10-2002
711,b7c5uJo27fD47BC92G1R,QXa3AUIfk7OIucCMRJtX,7-2-2001
712,eRE3Ovgj717IawlGc8n5,P0CVxYHSBMe8tGbMPMaO,2-7-2004
713,j4Xw86mBnebDzK8m0JDa,ZC1mG35DS0QoGZGaSjLa,29-5-2004
714,sOILsDc0H1VTb8VkT5IX,altcsmztR7CaN9yWlAZ5,7-11-2004
715,qZzketXYC3tQ3AXiWsvp,sC3lli9USNHHXdaDJvvd,27-1-2004
716,hayytQirtqGhvo7N97J9,kO9SR93zKpCu8IvmLfcT,21-3-2000
717,7mfEuKhDU1Q6SiSe9lC7,AJrATeSUtwCkTCBFDyae,12-9-2001
718,fb8DwX9qdlUC3B6xrWlO,6UCFxQ6o61GnsvOQpqVJ,16-1-2004
719,FYTA6LqpGmVah3Z4oULi,6erDSjFetykQ5FmxSQdm,4-2-2001
720,EOt6dOcLBbze8bnzEiUu,sSAEDWTSXKBtrdplVXlt,23-12-2000
721,rSF5cwvfX6lk8iKfW53b,Q4cS2Qy6XbWGp0KrrNF2,20-9-2002
722,L0aXgpTvHLYIPVnWkqAV,ZY7wRVQtz6rzZty0OIbZ,18-3-2000
723,GzjIZxQTHRdwsGNYleVt,9ZzuNxw49TjkrmDXpBkN,20-8-2002
724,PuRLNRAUMMIQvTJCPV8n,bFuatGk3LZQcK8w2iugP,22-5-2004
725,ky4M5Ub4cbLBfFLm4D1n,yXeBUYJQLqPpMEEyL0s7,14-6-2000
726,raPyBCqoqJgjPfhixCM7,OMkJvKbBWYzuo4wARTvN,3-12-2001
727,XHSffSDoxpP836W8R6G9,KrudPatuOZUaXXZJmafC,28-11-2004
728,LIBpiqKJ5dX6EMNonxAt,CiZk4gwXFFJomGlTaUZp,1-7-2002
729,8TZNm1YXzeG2CCAwJjNS,zY5eaob5qOuJfdYvj3Vp,17-6-2001
730,iOxFBYsPABFVKi4VokHw,ddFXAVRWkdgCIezKl86C,23-11-2000
731,cA00ohCuWKdXJxxz4klI,eW48XezflhYhIkny3GFK,1-9-2001
732,YjCXkFfvRxVKirNKdfDN,kz3gydRsZXKe2OsXNIq8,28-7-2003
733,w4BZ3bWSfqFvAQnmqvMO,7SjKuLaqkeZrTaP7dCQG,21-11-2003
734,5aaly7FeLnAyawub88JR,kXtQbmtHfA0oyYR6GUbe,16-5-2004
735,xnLIF0crLrEIG5ofg9eo,ODyn8G5PNOqGjjOpBL6e,4-10-2001
736,GhUX8d4O24M6TtoVpNOL,R35hqAheOohU4Bcmpm2o,29-2-2003
737,ONRxtm93NzIIWl1GYL6g,Ps4ZPwjsRVlEm5jA0FNw,24-5-2003
738,7HJhxU7X0LCpVQKHAmTX,71a8f1meO5VJXxnbrGyE,14-6-2003
739,mkMcAgHOvUXPLBBHYuBU,C17DCOETfmV9Mh7sDKDK,2-12-2000
740,cFm9uiTnKamofNw1SKPZ,atiX2ayHelmeUREDFOFj,26-2-2000
741,q581XdYHPkDvwfoJOzPm,Y7roXbA1zcPy7lAKBhOm,5-1-2001
742,WgDH8etscJ5nJ8k4f1Rz,Si3flbYGGfFNxvkx8Srq,8-2-2000
743,xYKZPjKy9rlPXumkRvmv,AGoAJISpovdcmiTD3s5n,26-5-2005
744,a56rTo7QRkPjv1lWAqdP,Q6ttSxFwmRej8t8xXVJL,4-1-2002
745,7yEcmohS61ISTlcHFawO,l2ohS8g4xQprErTypsXq,9-12-2004
746,byTL7n9htznSUGTy1A8E,NrWOjkWDfzlVCjFZ48nH,7-6-2001
747,XbXyBKyhWc5u5zXh7qn0,nSCWNOnuY221OUePfTfi,23-10-2001
748,ffsBO12ViSPI30Tmu1zy,hPHQbhBCFv834IFFGHXI,10-12-2000
749,dVtsc1SyrZC5Gt1TmBv7,ISs7Wa6ZZrU2mAesEui8,19-1-2004
750,5TYzmjan6i6jVQW6rAFB,9AfQaldcN3TjvAxMoXt2,24-11-2003
751,Ufj4CMyEpWyAOxug9UXR,djrVP7ODfp0rRWZERqxP,25-9-2003
752,jkFt3FSTAQ0GUUzNnMwM,m8egICHzZhx7XCQXJukz,27-10-2003
753,U6JP05tuqBqoSGdJh3Rm,ZUMMHg0c3FPkEUI5kXNZ,6-12-2003
754,laal4gZbFNiJnSDwwQTU,0SWxBIs3bkxnqYYdfnKW,11-5-2001
755,49mAPh0NsBxtSCoGwVWr,2WkgFlX4ZaL8544IJlvn,17-5-2004
756,QanpeWHK01O1L0ajjT9T,RAy3meUl4TWie9eTEpT2,25-6-2003
757,yY7ralB0TYKik01kP1wm,ch1XXCBPDmZlPp8PjRnv,9-9-2002
758,BdNvL63NFdxGHBM1J23H,KxHjdL8w92rYr1PxfrhH,8-1-2004
759,jJigRohxoGl7HBPNmtOr,24fWI2PGT21vOHrD8T7o,5-9-2005
760,EefnKjAz0JXZTEZsgJ33,isgemnH3beOFhlHOaoAU,28-12-2004
761,a5EmZPfLy13OmhN9rF5A,93R9Uqb4j3866eJCCqTG,4-4-2005
762,L4ztaK7J194pZcUfPtKZ,qMI9RButCjnPNSNOnDU9,2-3-2003
763,9qapIPwp4VRxKDr39YmK,P2GoRwmqEsCOWSDJwhvL,16-4-2003
764,Z52Hx0zSVVAMc2DcuZhX,F9wvrCHAtGXmsi2QlWOo,12-9-2003
765,y37j66CNTwChmI0Uzj19,xy2NkV1Pr0c7OQSzQdTz,16-4-2005
766,cD3F7rzO1qITXKteDBw1,Zs4T8PJOKkctcz86uSxM,17-6-2000
767,3vGe5lvHdKk2gq0ItnLL,xgvEIPrl0K59fQWhkR5R,17-1-2004
768,EJ0AT6tgxcFpQAPmKlC0,YsP4cUVYHmwAlQUK6Bq1,9-10-2004
769,PqphwBmUGsk47BVticd3,oYgLef6j9nvgbZSSS8IN,14-5-2003
770,fKCXKM7uhDiyDoaZuyol,p5uvHaWFFdIu1I2S8Cfx,29-10-2001
771,Oa3TW7k9zT68xemgPURo,OQM9O55rsnxatNuW9HX9,4-9-2004
772,8LRna6T2loFtEPzio8kI,3lF2DNG1xSaEXA1tMYJs,20-9-2002
773,TpLVlMUWXeptpzOfpHnR,h6GQhOui494WeoRZcmbO,10-9-2002
774,P6nWbV5feZQ6GxGvdrGS,Mr5BhwAecsiZTZEM7dP2,11-9-2000
775,07nkNY56tnl31G0Ft4fg,yKKip7xWcTADME9iTB9m,8-4-2005
776,JN4D9EzCF9J15hrL8svu,cPOln28SCxGpXvgENWvD,16-7-2002
777,0Js3zVzkaaBjqsRbj0Qz,ZcHVB8r1gXUX9sSfpZXx,14-9-2004
778,tFm3KtbL2CO1BPsOucCx,aELhGowwrQXtYMwkXHLn,23-4-2004
779,xMiT984Et8W54ZihgV94,bmpIeSwjyuRJBqVStkrI,8-11-2001
780,yWySZWpXFcggpPL4HWvi,zxJfbq5hNGqZXshrLVNl,3-1-2003
781,3gUUH6RX9N4ONv0zNS5E,EHU5507JTliXarE8ZMCA,10-7-2005
782,7wwxmIwVOFClJvIlg04e,fsoCMECW9hPxVQq7bS5I,12-8-2005
783,rmhXFZGXlRU89GpLYHbV,l6DzfT9Z26QXY5lFpFNn,27-8-2001
784,yg9xibvtXu904Xd9ZAlq,7kHh0TRX4ozEpHy6ZVKm,10-6-2005
785,awtxw5rM0p6qjwYVpkxy,YiyQxRt1mRGlkdXSdw27,6-4-2002
786,A9tIYREDgOg19R0iWXPC,ZSkgKccMCiXZPXiGyag9,8-5-2000
787,kxZ9Jw4aWF2ME6bk9otN,8RomtpfcBgiTtQ0btf8y,8-2-2000
788,f2q4wVdOXjLV3APsQPuP,cF714FgNV1x003TKxEaG,9-9-2004
789,gb5vFeAWo4CqcaJjkzVq,zOWbQHpcWBuCec7KP8bF,27-11-2005
790,JTMj27P3OEy9MyAWUruu,AiiSAqmUGvznFYwz0X7N,20-11-2000
791,5GoyMP7mf0hYU3xVxwQn,eLkn4SwQFKn6dgywvzYv,1-3-2004
792,7j8fGuG8Gxfsni3DSoZo,UM5CO1yaOMyxHBX7kyaz,25-5-2002
793,uHkpzr9KhzQVaoW6NS6b,ofxQmauSpxSov4RrJiBV,3-10-2003
794,Flm2RMzpnm2dAIWAmrsz,RXKYMvyttd9rFeerKhbH,27-7-2004
795,VGgY8592LPwy8xnCFolO,kbn1GGbqbprY9XfBCLXF,29-11-2001
796,eQkXcXj5ADernMPs6gOI,8dgfSVpzKqPsD9oRDLqo,2-10-2001
797,8ylaPLnZwwc7viNitM9G,zLRLSc4sjcaQlAmilxcP,25-3-2005
798,HwNxd3s5sGYhyAd1XQ1F,Pdh18z1AYZvmF5fhtQV3,4-1-2005
799,t60OaKGqsyFPEn11Tn5V,XDkDMWSM8HloYPeluKNy,28-12-2000
800,Lur2Dnztnw9Iwo96wkwJ,uNYe8tKxpNu5YjWM3B6D,8-11-2005
801,M97Rk11QhWvuqEyMdAGi,PdeJBOySnqGEJGLhlFOX,10-8-2003
802,iZEtJEoMNBrfZDi5fONO,WKbyMuEqYGUA9a74bYb7,26-6-2003
803,SGNm3zBZyZfc9rC8qzPl,5E042GYrok3QBcfYdf3j,24-7-2000
804,fgasRTRHvczmENchQTx4,qxS9h1UOlrDS3158739s,21-5-2004
805,TD9Ye7kH1G36mkWydUBv,gi9ERaD0TOKSj2L3uFrj,9-8-2001
806,4po0FeoRmm75GCRnkFEL,z5RCK2P3D0wdZRkkzu4l,11-6-2005
807,LBFZxwuRHDDeayzvr9Xh,dxBGvdQnUAOvMoWvZinA,26-2-2000
808,aaxtSZRcy9zVARaMDemT,9b6uxzzMwKoQP313wh6h,1-8-2003
809,BWU1um74Gtb0a0oo0HlE,oOHMR9XmjiJgJAV22qtV,4-9-2004
810,4aPtVdECgbJmc5HVrx0h,CpVS03yBrzuWppfenghS,5-5-2005
811,iZxsuVRWMdundxTjF3D3,9ZAtmGD3mDnhoyEXZjXQ,26-6-2005
812,ExryBulSd4iNfzAykIJB,ic9LqDMvEEN1XeaHQEh1,1-10-2004
813,J7h9FJjTPFBo3eBpAXqZ,sGqnpi4OEpjUKQ8y8cMV,12-9-2003
814,0ecF8eqgG5Ma7yetpmC7,rAd4vDc3fnLcP6WMoMQj,25-10-2000
815,EvcV605lBF3B7vw3GQuS,k0Mv2OUFgKUaebk92YTm,11-10-2003
816,OWvL14wNVGUCGIvsFAcD,h9x40PUDoPG5Q3spDi4P,5-12-2004
817,VpEjYSLQKVd0p9wdxnEO,teP3bRAlHpOh1PAKqybU,26-6-2000
818,nWetOIW6x3sUFcm1kaAN,G4smQAohe2g5ruswxuYn,24-3-2000
819,OESsOk2K9En6fEAsgaL7,slEPF0Y3tgxTh1byS8Eu,28-3-2001
820,bJ4MHXu3zYPLTuFQU13v,ZD3pmYvXIm4t3teZ3zP3,12-9-2004
821,7XK9qNt4VLXL1xDPaHJz,RmPNjJrpyV7x5m2XBmB3,1-2-2001
822,g76kQ3I5KsZfakkbTYHK,xecjpJhh4L3cr8OtSUef,21-2-2002
823,pX1mn0nsKZdB8cMiz4I9,wYRdOBwH7PmSEneNskHL,11-3-2002
824,Fr62WnHytuQNd34tPT4G,JDlAf24pydPYMnoKZGtS,4-12-2000
825,pG7M3I060YRDudUPlVsd,MQnXOGjvxzPmolFgV2b2,18-9-2005
826,ke8jC1sRWOeHrNv5QNDj,GFQiXEGJLThgSq1YyUfz,12-5-2001
827,tLEFL8RetkNc5DDWseZ9,kQEKxt2OqkL0sLtFC2Xl,12-7-2001
828,3Uwt1uQrB7GYaAHksv1M,pDj9CV57fOZe7KFPegAB,5-11-2001
829,J3uclbCiDCj0FDzgjeMV,bwWa0ZVifMDPTiW9t76B,5-5-2001
830,EEyA81FpDEKUafbYDeDA,q0InNoSqeh7Ab3qAsYgb,2-9-2004
831,CFesricsiBe6i5Qr9iEQ,GdSjgsKm4WguzDsXHm9E,12-1-2004
832,G5vFHv0onmi6QEihK0Xy,m0nbrySd1SYHmki8BBt6,7-11-2002
833,0LJGjeZwxNedH33EMr75,G5oTSMwMST74wLHD7NMm,17-5-2002
834,EzJknmZZrnAlyfe4vAQP,iImWieotefPu7vv5VFVa,24-8-2005
835,fqBRSJdaXtMtYgRzO6I3,nmTblxeS5dpGgMPxsgXq,1-6-2000
836,E9R4ahCzPXmm73pxjnQ5,JVQQ8TU5477KL41hkgaC,2-9-2000
837,86wbKm7vc6WIztUDMHEk,qNE7i6cccXuE1t5TRoEn,1-1-2003
838,aV6iQBxooqgvyCcn8YS1,hJEESUptxGtrvhcQKmZx,15-4-2000
839,YQPWeckGpdGenJtYJAZA,c80cHjosWulXmkia23ll,8-5-2004
840,JMQ8utsESLZ6gLLkBmce,rrcPYmt4fsP1mf9ieOfy,26-3-2004
841,lAioRCwoOFh803kuo9wY,6aFdqE3l4QHwWezEEiN1,2-8-2001
842,CjlUfatbcZEVkN5iosGP,2S8GJbvlk2xLXcX0GkVy,29-6-2004
843,2M7mz0HcuHsfXETYlQX8,yVEdbc8cLNJl5vaqkFUd,12-2-2003
844,mOY8G0D8kAXmdSCFU2rL,CxPcP8CtO9jIq7WiiHFM,22-4-2005
845,S59V7UrbrmzPtt065WnU,pn5z0E4udNn329M72yuo,4-8-2003
846,ihn0aietjRclmpVMjrtO,BWqhauqBb0EIMVHaykIX,5-4-2001
847,RfrOXwspNKSlfsZ0GnyZ,uqzW9KxuPQ91gJJssXuE,16-10-2001
848,1N6raZn3TaLIrc7d7Lhu,5VLUDmqfDbaIgGXIWl6S,29-5-2001
849,hfv50Fy4T9OUdTgNubdK,f9bQpmEsWCD9ZWUVJMpa,6-9-2005
850,TMcV942OhveUPH2B2G7B,ZL2jyDmhWrdAHt2DqikO,29-6-2001
851,TcOPQcbp0aC13ZRUPz3d,I0vyRNlcWVVBjDaqxCka,28-3-2000
852,jLRxFH9rMMwK9Zd2v1Gr,WhK6SotdAHTrakLe82H1,10-6-2005
853,2aUp1XIVaREZsfugE2Wm,CzZjPmNzuCuVoHz4yxzL,26-3-2000
854,3JvMwHhIoLyR2wu6gbCg,Eq2nNNAUsIwLuHg8c5cP,17-11-2004
855,AvBUOEnxUTojzuLeD8Nb,O2xvoZHZHopI5SbXtBzj,18-1-2005
856,xtJvW4ez7vWDRdEBzp53,KArujZh3myUSZtu7KJw0,23-9-2004
857,lNDIgEvaakJanr11NMs7,933QWingkvffhbMDAlB1,23-1-2003
858,CtoabV7LfnqFSApqCLFk,flpWP6nkqSGja8595a5D,6-3-2000
859,VFLVjDfiOuB2b0GXLYTw,rI7OhcfBDS3tZbscqZA4,21-2-2004
860,VGLSdINbPA6B5w0tPYWQ,Iy1JUpXkVBukhodRFB8O,15-7-2003
861,wBJia8VB3uLAG4wkZVls,HADQUF4FvRIncFreeIdr,17-2-2002
862,K0Z7jTcK0bPqQQqI6Uyc,TD3i1bkLmosc0QkkACOu,13-6-2002
863,bMaHTnztrcua18lfvRHZ,jtemwsQBGrSPSnXz0Trx,6-7-2004
864,a2mRLQAPCQxrF13U0tWK,gknUXYsS7Slepr9NsotN,18-3-2001
865,ox2hHoVrv6oWaqvsFfj0,XzCAZ4EelmCgfwo5jOzl,28-7-2003
866,I2RQju3BT1ZeBCJYYSSI,rO1J5It2kFYBNbi0zDO8,13-9-2000
867,OnPlaXUbIGCctzRpHi4V,xMjxsyFaF5lGgF5EpzMg,1-8-2000
868,Ao1rulIAzPNaVzBGqTOU,MoS4DSNqTcO98EGa5qEf,19-5-2004
869,j0TNX2fmChlDmLKeSk6x,URnUVj5nMJdMxejF4LCd,5-2-2001
870,OH3sMK6ZhLzK4MDIipsU,hApJ3UzVI654u6UCu7JN,2-4-2004
871,aCev3LqQQ3Oa9M8vEQkr,juqaEe6ZdjO6HrUBBhqP,19-12-2003
872,9pTnEdePHNmoAJNThNrv,qiqL5O04b1St7GmWYhAK,28-4-2005
873,UmKx6EjkM2W3Sayp3AK7,GqAFkNiGzrjFxhblVlbZ,19-12-2000
874,Dh8SM6MWp23pKnD2g4Xa,XhcbuwDqkGIjdphPUPAO,4-1-2003
875,wxVXWqVFPBb5K0obSr3c,0hmPLURX8iFJRZZAho16,20-2-2001
876,9tKolQehFnyuubni3Aih,1jZrgVk8EUJodKq0PdHI,23-1-2005
877,Yyfp8DliFiA1iWXGkM2a,muy64BqjapWQ58jR7yo3,1-2-2004
878,ESaGDcZFSMCwTAIsqoFw,mdadoN9ViEPKaNj77hes,26-12-2004
879,oiAalcGAwY6diHvUjefX,DKp8iLZnRezaZXClHkW6,3-11-2000
880,Hj6E5M5DxAfUACuMjg87,SBN5F0z3Kna3pe9Vy7fQ,16-2-2002
881,2M5JB7vB5t02qR7pafpJ,nLVgaovScQ5HWnmhIhhr,2-6-2005
882,2ZLdje0yiaEVlKzYsLdE,I6rEnBT3ugcPEtjkUKYr,5-5-2000
883,5DwuZGEVtHTrVux542yh,EcsQ1E2XhN4BujUxwEaC,14-5-2003
884,QyP1iL30frv1eXKqtMsl,P5NvZEsmmWilBo79VEOL,13-4-2004
885,JmcR92A9OWGp79hyS9ZM,kTS1BkdslyJ1BLkFUlQy,11-2-2003
886,ebtzAVg7e8gvDsyjtsAg,74Vi2MZepa1REzki7Puv,21-6-2005
887,pvi3gRaOyJ2U57PrE79P,NB9JlYTDkYBoURcLr2ZT,15-5-2000
888,7BXcyOPJ9Q9MhhF7UNtu,kHmNVJiAg4iSXScaZuHm,29-11-2002
889,2FdP1bRaYQLd4nAuo9aM,HroFlsq7KqzYxlFRjDTO,20-12-2004
890,wyhzPj72PLUhyk4rcKUE,AriTaksN1eEtyXe8DG5I,2-9-2000
891,k5dLr63sEDjUE3BRjE9h,KVg0V18Z8CXRVKHDlQMY,7-4-2004
892,oqjHKbMiPa5Obk5zcvts,flf6Swt1Jo9XhHZO1rt5,18-9-2003
893,AQcI84SSjPjCAmwf4TML,2Vwl9I2N73GpGzailXX7,12-12-2002
894,D9eUJBXcWT5SRbXcUl6U,QkYt2B0qI5Gc309Gzkct,13-9-2003
895,5gusUjBN7bVeig4ABW75,wJRQI6Nt2S4RIM8BsjUr,3-11-2000
896,sM1E4QaVUNG9Gg5Dn0cB,zj9cyV8knC2Lv2NnDO5U,16-1-2004
897,6UmIqdEsCuSWgdSBDFnY,hSoWwX3jfd0qlSQNQV9N,14-11-2003
898,RyEGB2QyD7UhduvuiZaK,IXGhll3DkP4gthaAXLoa,14-8-2005
899,ZH9qccXQmaa8pjPCjTme,eCpUgltqZLZuR3t4b4G0,3-4-2002
900,97rcFWLanht7Qomwmaqz,ieUjzt8MehcccqKjejiL,15-9-2005
901,IgRXXZamGm3i6UxSyEpg,HxFh77KM0S7n4oNi2XBL,18-12-2005
902,OYI7oJabQWWCEEa9ZLOr,i1FVVfSweKJpY2YWz93d,16-4-2005
903,zeKOAVUu13IdoGqWS5gE,YuTrFSneXKY9Qe4wCe4Z,21-5-2005
904,nNJoVJr1NKsmhuqFjgH2,A2usjfgRQWXuAGgSECsC,19-1-2003
905,75y0WQ1X4iNo4ivalqAi,h2sSxara94vD3DiiJR8z,20-7-2005
906,byuN0OCQbUJs2Fzf2rpD,pt8TDJe3hzZ7CBwsJPei,12-6-2000
907,QcvEU3gS4lrGfQOsrlv6,3jpGxvuM8cYbehHbhjq3,15-9-2000
908,qaFJqXLieFyFJroWNZ7Q,o4y3fyhxwP8xWEVyLbU2,4-2-2004
909,eIXh3Ux098ByXfBlF5bS,rkfU0LhosdKoovBkMgeU,26-4-2000
910,rBWHKOQRUYGiUlQ10Bqa,mtBo7leq4qBB9Evy2hI1,10-12-2002
911,ul2Cdqf3TeImrYsnw2kz,kPQB6WkXbxdd9CUYzED9,7-4-2000
912,59bmSJriPwAMdt6UN5IG,M8K7ZKDceR0eQHNgZhDI,26-3-2003
913,aaOaoP52Zsyit0nhYqCh,LtZDRoCIfe034rTAdT85,16-6-2004
914,UHHQPRxgT1nmEKSIG1NO,snCyYcGjuU4zXPO1CFuD,16-9-2003
915,VNBNadAb967dMWwq6Qma,a4cynkCxlTpm5Ac46GMZ,21-8-2002
916,X3jC1cM60E6feOBshluV,Qh44dH5lYIejGAYyK6gR,12-9-2003
917,DDWDgYMKj9LYIiV7Jjrp,usZye1JpZrXE9q94F3TK,1-7-2004
918,FRjATLcnGDbE1YRdYiCH,hImKPpL6VZjU0r1SxTrp,27-11-2005
919,zuJb9acogMPPlza2Drtf,77yasEHAfhC0BOHONqmi,4-8-2002
920,t2lWN8SbBaEfn6ydkulo,W7WSK90YlDOU1fQHCdba,16-11-2002
921,PmUar2S7gig4Ssofe9JM,dRCDGhnnCidu4gneyujY,24-9-2003
922,dARAE8D2nzHDeEmrZ7bH,HhEusn2wPgUazNNkqBOe,20-3-2005
923,R5JYpXyx6yxRXMGafylJ,yOqctIj2AzPRWYOphegw,1-3-2005
924,l2ynnezfzAHGFwaz4cYA,SqzZQXz7LZsd6yq7EKDQ,20-8-2003
925,2GsDn9FaiHoQgSlW0Cak,ra2vZpCkyaxcHrwFWEAf,11-9-2000
926,tXOES01V3M4OH8BEJvx3,nUYfuv7tBP82veURajSA,26-5-2001
927,sMWC3tfCvMsZyhrdnKBp,e15m4NgtArnHv3JDmPVi,2-1-2003
928,ouPnZ9peon9rAORXHS0T,BEIE4NeEVdyj30ZHCcez,27-8-2000
929,b3UTAWig784SnVAf1q0l,BNfhPMUWxnvrvurK5k90,28-4-2004
930,Y9Y2TNzYgrgJQJK1LkLW,qaHDG7UVUSb1gOr59tFK,17-11-2001
931,FMJTdAwwqmBEVzm3R5HI,TmA8r0jkPJWWEkwKq6Ml,16-9-2004
932,QXxZswYhrbYUadGbUe5K,oPO37soBzkEUutu0vSZ2,22-12-2000
933,EyKTLro7OFxkpc3bfFBL,8fNOfKiLNRbpaEBmT4oF,22-3-2005
934,o34qqbbY7ikvx4CZmM4l,LVIUnqeqv85Wmc5jJShi,9-2-2004
935,iPi1MixFiHYUTeJjFj5c,YskGFum6xqxBDAd4wtpC,1-12-2005
936,3ZlJBtpVb4RJGCZuUgrE,Qst1OQtcL5vpr4zkkOrQ,16-1-2002
937,kEjZsvHWUz6DXYgqej3K,nUfeIoBMyyzf5epiy7gw,14-4-2001
938,GhAUv6A7UxRo1Hmw69Wg,tpNGz3bNOMHVjfo1rNTo,29-12-2001
939,wtkVCkCVHxcig6tZUVm7,R6SIBs7vYaV4pQKIqny9,10-12-2002
940,eNfTh3A31zcTrKQtVKw0,0LGCAFurihpXsEp9DnuQ,9-8-2005
941,xBgGCl7mWtSbYh9FUfN6,N1CCa3h94Kfn6UMGZsAk,21-10-2004
942,Bp9SA6I7qcWK7HE32gFL,tJRmRRQa0gv352CFZFNo,28-12-2001
943,8hJxw4b7fSOZzcQ1uYtJ,Laxgl1w9ED30Chm1hArH,21-11-2005
944,gIY9rLZi6w8Be9nLMlRC,81CqbtbA6K4npT1B3qRj,2-9-2002
945,2obm9vUCz0yNQ87rvmfW,9L7M0JeuTlXBALb5Za71,27-1-2002
946,kxOSqCzKxhzqTTpvq0ie,qrFuZjP6jvO6YMaGA2Jo,16-4-2003
947,iGi5tCERAsoGIsqSj2oN,XaNrLKVwr87QnWE8lS4P,15-2-2004
948,bjylpMMOQrCWcwp4arMC,vGJl6e9jCsSUDfxltm8A,16-12-2004
949,XJM8hBj3WqqARjHoi3Cw,qv9YJbLggSACrfOeC4SV,16-6-2004
950,vGdMcY4PeZ1gOg9OUnAn,EbGFYHELU0rYmDo2wQRI,29-11-2001
951,dMHnPM5gE11IZFkWarsg,9KvaqEzHbjzfNVA0RozB,15-7-2001
952,WimTJedzTOeLgHTCir8o,yYNCrmdhnNved4mvbvSr,2-5-2005
953,sKhuRoyCt9JxXj8DneRa,Pc4wEqLFOX6K3FIK7ZRO,26-3-2000
954,9YF6jRAWVuH6EuRmbUKS,UZkXrAJuqd2A1pGGkwmI,9-8-2000
955,9qadfrgHvESSBY2iL54k,ICImxReNMMxepOxbkZRA,17-11-2004
956,Yg7QZfW6j4jsJ7jMeh8e,UXHxs1vhUtlOjjBZlY1m,17-3-2002
957,J79AeM8Nj4CFQ8NSvhgo,LSjg2PH7T9EHBw7wqq39,7-12-2003
958,F6JNbonUSwzQaGIuSx6K,koNBIioChEuJPL83CO24,28-4-2004
959,hgCRVwdUYAjHd8JEjOUn,kXhC1FM8EXKldSPNFWmE,1-11-2003
960,jJXVDc8kjy7UFXpkRWua,iwBBgCVz573uyScZijjz,2-5-2003
961,zOhq8RrOJhWeqLSqcwMX,V3h3czek7G1o44IhyWWS,26-8-2000
962,qGMDpwH3ZF3h84MMwdXR,ddolmjHoC0cANr1HdhzL,2-8-2002
963,Wr5nkHIdkXPV3UT8wWzf,lPRf1vi2n7q9qRcUBvLq,3-10-2000
964,vGHzx2Z5vy1CzgMyVlHo,9PRDQAE6ftvPRsJRchxq,9-6-2001
965,zCdkq8me9WB25QfGTpaP,w31QMO0o7iSXniu3CTJz,10-10-2000
966,zDjnyNtH6vj4WaowlD8I,Cyed4adnHnOpKr4ppVIq,21-12-2001
967,fhGQBV511GlalVoQwsOc,siTh6sTPnwhifqTWWRfl,19-10-2004
968,jtdFw8Qu7Ey7yX5CCbf0,RXEi3PYT9jEhh3biQPe5,18-1-2005
969,plaflfRpRgxZEmwipBUE,TExAkTtcRq2kmGHHT3GL,10-1-2000
970,cT64CEfzfArWPIiKUj5f,ZJXdPUPpFm6rW4PDBjFV,22-9-2000
971,R6MTX7IXUO8beGmpFklz,G04VMT7p4SWtsfHD4khO,22-11-2003
972,XD3GWW2OIPU9a9WOgkv3,379GWbzZ6tssyI8pJLRd,20-7-2005
973,RSd870jTRMaFzrfBILON,TQpq4ot0mgX93N1vWVvy,29-2-2004
974,v8P4CdQFBqd2WxfiiXLR,zYX1co8dHERTqMYSwiml,8-8-2001
975,QUogGlCcuGETQ9aMmi8G,Orh9qp2swXSEfqMGFSoj,20-9-2004
976,leWtxepOjDWqriyLkfiJ,7E19P76nSyccssyJ12I4,16-2-2000
977,TJq66exhTzOa7k8JHu80,RzHmynIFVe71lOtrCjjD,26-8-2005
978,S2hBOL3e8TFTE9jtiyug,c1ce1u9Nj8Udse54HeyV,11-9-2001
979,bB0ozkyBed65LcGqfSYY,jK6JpKvWTA3cEocy8iTt,8-10-2003
980,sFuYLsPi3QyXdtgIvfuN,7M9JVwFBkyW3m7hRCMJJ,3-12-2000
981,XJ1VTW7AYbg6Xmao2jKQ,WIQm3KJ0aKkhUsfjYiJa,29-6-2004
982,wyevIW71YQ5nCZLbZwqM,7UFiHdU8rGLdF8b5TbN9,3-8-2000
983,sWabwFNTyUl7vMn567Vu,fMyNLqzFUiyCztIuZyAz,21-8-2005
984,dGouUHosQnoCZtkBE1f8,65JK8ZR3UnQgJqXjKs13,13-8-2004
985,g3BlGAHBEjhS6Vat83Ad,zBB3EyGgg8jt4y1zprpn,10-9-2004
986,z5niMc2mYike2WOBCZvF,prAV0ppP9xQMIYZ0rseX,27-6-2000
987,c6L6djriV658LyelK2Kc,YLJi9T20yH44DmBdPmQZ,2-10-2000
988,ABsJt0FcUIBtsF6G5SjQ,a7GpB6o0511ZilVGFcrs,18-6-2001
989,ASsrshCSV1YMXZT36l3s,bp6GFvRLe7vmukAd4tlO,24-3-2000
990,bcvc8vVdtwWU7wR6haql,LUHsnCCToNLM03mCWMlp,21-7-2000
991,M0ZwUY6TNbGkg86FjwQg,iMUpTDLleGkCLjA69Y6a,26-1-2000
992,pj0T65JZVjvnm8VsChem,IChhwwsKixRrifc23LbY,18-1-2000
993,UA3SpvGtL1iaEzKtG2LS,g6qeVF7AFohnrQymhZjK,16-5-2000
994,q08lk0sz4tXwwBar6sU1,R2mTaAgw2u3hnwIpq4FA,23-9-2003
995,x21Lb95soN3pkli1H81z,PV8UbQSufqkWE9cWykiT,2-9-2000
996,NKP1aI4XfFUmF2z8Jq4k,vb1uTsi2g0LrOcazX0jM,20-9-2002
997,1khHcmBZbnxkarsXbiBf,B0QwlC5KpCAvWuYNQYx2,2-7-2001
998,P3oxMmqlOshx2XxCDILm,aAJiJtSO2bZwUBwf56P7,2-3-2002
999,iY0xpU7mMDCsi5VAsFpD,gVX2Wz4s4HVLHlnWKyIQ,29-5-2000
